transaction_id,account_id,transaction_date,transaction_type,transaction_amount,account_balance_after_transaction,branch_id,anomaly
1,165,2025-06-03 02:25:00,Withdrawal,605.89,48362.11,11,False
2,79,2026-02-21 00:23:00,Purchase,679.75,11819.89,10,False
3,100,2026-06-16 07:52:00,Transfer,807.55,69588.71,8,False
4,244,2025-02-08 19:06:00,Transfer,2712.49,9344.88,7,False
5,25,2025-05-03 12:38:00,Deposit,1927.55,46282.08,5,False
6,230,2026-09-01 14:32:00,Transfer,632.48,8177.09,2,False
7,239,2026-04-11 22:27:00,Purchase,198.73,7279.14,7,False
8,161,2026-08-14 13:44:00,Deposit,49.79,26961.1,8,False
9,172,2025-10-01 23:29:00,Withdrawal,105.98,68583.67,11,False
10,97,2025-08-12 20:12:00,Deposit,309.62,46505.06,11,False
11,200,2025-07-13 00:52:00,Withdrawal,277.29,73047.58,2,False
12,260,2025-08-29 06:06:00,Deposit,700.3,14460.4,1,False
13,159,2026-08-13 03:23:00,Transfer,189.13,26894.79,1,False
14,240,2026-05-30 22:48:00,Withdrawal,283.63,40843.61,11,False
15,44,2026-04-11 07:26:00,Deposit,399.38,9186.94,8,False
16,82,2026-01-18 11:40:00,Withdrawal,1174.9,55774.85,8,False
17,159,2026-05-26 04:46:00,Deposit,1637.8,25534.34,1,False
18,90,2026-02-03 12:11:00,Deposit,827.77,76726.93,7,False
19,201,2026-03-14 19:30:00,Purchase,2669.37,58193.24,4,False
20,37,2026-03-16 08:34:00,Purchase,763.66,78524.9,1,False
21,108,2026-04-28 18:44:00,Deposit,317.54,25250.53,5,False
22,184,2025-01-11 01:16:00,Deposit,118.97,87126.25,12,False
23,16,2026-05-24 17:10:00,Deposit,1418.88,48816.97,1,False
24,156,2025-08-10 19:49:00,Deposit,4064.0,67911.19,3,False
25,180,2025-06-21 03:36:00,Deposit,53.13,30186.89,7,False
26,161,2025-08-09 11:07:00,Purchase,317.39,27141.42,8,False
27,210,2025-03-30 23:15:00,Deposit,380.03,47017.52,11,False
28,250,2026-08-29 03:25:00,Transfer,2808.37,89476.24,3,False
29,148,2026-08-04 05:07:00,Deposit,27704.2,24888.21,12,True
30,135,2026-08-10 21:53:00,Transfer,722.44,76204.89,5,False
31,166,2025-05-11 04:10:00,Withdrawal,2503.24,3374.67,6,False
32,44,2026-08-14 14:27:00,Purchase,294.55,8910.36,8,False
33,80,2025-03-27 12:57:00,Transfer,833.65,3343.6,2,False
34,223,2025-07-01 02:58:00,Purchase,282.99,21792.16,6,False
35,96,2025-10-19 15:32:00,Deposit,420.6,47278.11,3,False
36,252,2026-04-10 11:28:00,Withdrawal,645.9,39232.27,12,False
37,38,2025-01-14 16:06:00,Purchase,139.98,41947.91,12,False
38,106,2025-03-03 13:23:00,Withdrawal,3705.28,41466.17,2,False
39,65,2025-08-30 15:49:00,Deposit,166.71,20285.23,8,False
40,89,2025-02-07 22:17:00,Withdrawal,1756.06,3662.89,2,False
41,206,2025-04-28 16:35:00,Purchase,284.37,17189.49,4,False
42,228,2026-02-12 00:02:00,Purchase,2096.33,66718.75,1,False
43,195,2026-01-28 13:07:00,Transfer,1643.61,10891.7,10,False
44,120,2025-06-05 17:08:00,Withdrawal,22650.84,26562.0,7,True
45,187,2026-04-02 13:04:00,Transfer,2890.42,56763.85,5,False
46,46,2025-07-27 21:41:00,Purchase,127.12,54180.53,11,False
47,89,2025-02-15 06:10:00,Withdrawal,1323.61,2795.83,4,False
48,70,2026-05-02 03:24:00,Transfer,215.02,14118.64,2,False
49,20,2025-02-18 05:36:00,Withdrawal,1246.83,67900.01,3,False
50,63,2025-10-12 07:07:00,Transfer,353.52,11231.79,2,False
51,8,2026-07-17 07:57:00,Withdrawal,548.77,71877.22,10,False
52,204,2025-05-05 19:54:00,Withdrawal,203.79,62966.7,3,False
53,61,2025-04-15 02:49:00,Purchase,485.95,78829.27,11,False
54,168,2025-09-27 01:06:00,Withdrawal,2030.12,89851.32,7,False
55,57,2025-03-16 05:43:00,Purchase,2825.84,31911.24,7,False
56,136,2025-10-18 11:22:00,Withdrawal,913.88,60834.05,9,False
57,97,2025-10-08 00:39:00,Transfer,1248.46,47828.99,5,False
58,113,2026-08-28 09:59:00,Purchase,1732.95,22762.29,8,False
59,13,2025-03-11 08:30:00,Withdrawal,807.92,74279.41,5,False
60,16,2025-10-18 23:45:00,Purchase,40602.12,34428.56,12,True
61,17,2025-03-08 18:06:00,Deposit,351.08,50838.83,5,False
62,205,2026-06-24 08:09:00,Purchase,2225.55,74674.65,7,False
63,147,2025-04-12 11:08:00,Withdrawal,790.89,53536.8,4,False
64,119,2026-01-28 10:24:00,Transfer,2983.55,92457.95,2,False
65,50,2025-01-21 17:54:00,Deposit,361.72,98509.85,1,False
66,7,2025-04-27 11:44:00,Transfer,628.67,89224.55,1,False
67,50,2026-04-09 04:57:00,Deposit,129.01,98415.75,12,False
68,164,2026-08-20 18:18:00,Purchase,302.84,75467.2,11,False
69,46,2025-07-13 02:12:00,Purchase,14.52,54118.59,5,False
70,138,2025-02-08 20:35:00,Purchase,675.27,43439.34,7,False
71,19,2026-01-25 12:49:00,Purchase,226.57,3092.07,7,False
72,183,2026-03-03 21:43:00,Deposit,777.28,21097.13,10,False
73,141,2026-03-10 09:15:00,Transfer,115.84,78834.27,3,False
74,164,2026-05-12 10:50:00,Withdrawal,3775.26,72003.05,9,False
75,127,2025-02-08 06:18:00,Withdrawal,297.12,72729.04,8,False
76,176,2025-02-13 15:29:00,Deposit,206.13,39766.18,1,False
77,185,2025-05-06 09:47:00,Transfer,657.14,43742.28,12,False
78,39,2025-02-06 06:46:00,Withdrawal,3424.36,80946.47,3,False
79,79,2026-07-22 20:01:00,Withdrawal,2693.49,13330.13,1,False
80,122,2026-01-23 07:18:00,Withdrawal,319.16,36916.37,9,False
81,173,2026-04-15 04:07:00,Transfer,58.47,91576.16,11,False
82,58,2026-02-21 14:24:00,Withdrawal,15.94,40242.37,2,False
83,226,2025-02-25 07:15:00,Deposit,778.64,18367.93,4,False
84,266,2026-02-11 09:35:00,Transfer,200.98,79842.43,9,False
85,111,2025-10-20 04:52:00,Deposit,379.02,73543.31,11,False
86,107,2025-09-17 18:26:00,Purchase,2342.15,44119.19,3,False
87,197,2025-03-19 07:06:00,Deposit,702.67,38580.47,1,False
88,135,2025-06-22 08:39:00,Purchase,722.36,75806.41,6,False
89,88,2025-05-21 16:21:00,Transfer,845.57,42199.43,10,False
90,101,2025-07-04 04:56:00,Deposit,888.79,66452.48,6,False
91,52,2025-03-13 14:37:00,Purchase,1151.65,27719.85,3,False
92,43,2026-02-26 05:05:00,Withdrawal,1959.96,68806.6,5,False
93,112,2026-08-18 18:43:00,Withdrawal,1113.45,74983.14,11,False
94,215,2025-06-05 01:23:00,Withdrawal,2018.07,98984.65,9,False
95,214,2025-10-01 20:09:00,Transfer,233.29,48956.67,7,False
96,94,2025-12-06 16:36:00,Deposit,1170.15,84704.08,12,False
97,162,2025-01-12 14:58:00,Purchase,216.27,7627.34,10,False
98,128,2026-02-02 17:25:00,Transfer,470.82,75884.55,9,False
99,25,2025-02-21 13:19:00,Purchase,572.43,46866.66,7,False
100,160,2026-06-08 11:09:00,Deposit,1670.67,68705.43,9,False
101,43,2025-05-21 00:59:00,Deposit,984.99,70340.74,2,False
102,14,2025-01-14 10:44:00,Transfer,2104.34,23169.72,8,False
103,167,2025-05-06 08:46:00,Transfer,11706.8,21646.29,9,True
104,7,2025-11-14 01:20:00,Deposit,1277.32,89844.25,9,False
105,198,2025-01-20 15:57:00,Purchase,3348.3,10686.54,9,False
106,116,2025-04-21 16:56:00,Withdrawal,411.6,46191.85,2,False
107,139,2025-11-26 07:59:00,Purchase,159.1,88578.2,3,False
108,44,2025-04-10 15:40:00,Withdrawal,20.89,8871.77,10,False
109,80,2025-01-09 09:10:00,Purchase,294.03,3807.87,11,False
110,8,2025-03-19 23:07:00,Transfer,350.47,71482.48,9,False
111,238,2026-08-13 21:16:00,Deposit,1263.93,37035.43,8,False
112,58,2026-07-24 22:57:00,Deposit,4176.87,36807.87,7,False
113,266,2026-01-18 19:27:00,Purchase,242.59,79728.24,10,False
114,44,2026-05-16 18:21:00,Purchase,47.35,8857.85,6,False
115,207,2025-12-09 17:19:00,Deposit,87.17,83466.72,5,False
116,268,2025-04-19 06:09:00,Deposit,674.68,42478.48,3,False
117,208,2025-09-04 08:29:00,Deposit,956.38,52494.85,1,False
118,60,2025-09-22 16:26:00,Purchase,3646.07,87118.02,2,False
119,187,2026-04-22 08:15:00,Purchase,225.12,55609.77,7,False
120,257,2025-08-22 08:51:00,Purchase,873.31,21613.22,3,False
121,256,2025-03-27 18:09:00,Deposit,171.22,22735.12,11,False
122,88,2026-06-16 22:39:00,Deposit,1556.03,42272.03,8,False
123,19,2025-08-29 20:50:00,Deposit,286.4,2780.26,8,False
124,162,2025-11-29 08:01:00,Purchase,3369.95,10604.11,1,False
125,254,2025-08-23 19:48:00,Transfer,767.01,17717.34,2,False
126,60,2025-07-28 02:31:00,Purchase,1289.23,86108.53,6,False
127,249,2025-09-27 20:31:00,Purchase,780.74,20164.53,2,False
128,137,2026-08-29 20:44:00,Withdrawal,13.45,77929.85,11,False
129,90,2025-08-09 00:18:00,Purchase,1905.8,76929.56,11,False
130,116,2026-01-03 19:10:00,Withdrawal,502.44,45577.27,3,False
131,231,2026-05-09 18:11:00,Deposit,183.36,81973.86,8,False
132,142,2025-09-16 13:49:00,Withdrawal,106.4,19534.08,6,False
133,251,2025-03-01 16:05:00,Deposit,239.77,78060.8,5,False
134,51,2025-12-16 10:16:00,Deposit,33.54,12543.35,11,False
135,77,2025-06-28 23:41:00,Transfer,206.73,37453.85,7,False
136,167,2025-01-04 10:16:00,Transfer,1209.36,30854.09,2,False
137,89,2025-01-08 03:44:00,Withdrawal,944.15,2288.56,4,False
138,83,2025-04-05 09:17:00,Withdrawal,1387.43,47284.35,4,False
139,74,2025-07-31 20:47:00,Transfer,661.67,15552.8,8,False
140,154,2026-05-29 11:03:00,Purchase,182.89,26416.61,9,False
141,147,2026-08-25 17:03:00,Deposit,1435.04,53586.58,7,False
142,166,2025-06-14 07:37:00,Purchase,1280.01,0,9,False
143,175,2025-12-02 21:17:00,Deposit,808.45,25538.63,5,False
144,126,2025-08-07 17:40:00,Transfer,837.24,36116.51,5,False
145,51,2026-03-21 09:57:00,Withdrawal,75.65,12484.83,8,False
146,220,2026-01-18 20:15:00,Deposit,277.62,62031.63,10,False
147,212,2025-04-03 15:53:00,Withdrawal,45.04,64046.03,10,False
148,146,2026-01-24 01:59:00,Deposit,424.93,65590.94,12,False
149,254,2025-07-18 11:15:00,Purchase,1408.15,18837.17,6,False
150,62,2025-05-04 10:03:00,Deposit,37.95,94316.06,2,False
151,33,2025-04-21 08:22:00,Withdrawal,886.43,68492.92,10,False
152,249,2025-04-12 17:04:00,Deposit,321.07,19908.13,9,False
153,204,2025-09-17 06:10:00,Withdrawal,278.4,63104.87,4,False
154,249,2025-01-05 10:00:00,Purchase,1570.2,21180.04,1,False
155,49,2025-07-30 18:47:00,Purchase,344.36,51563.33,11,False
156,177,2025-03-01 02:47:00,Deposit,3539.29,78814.62,7,False
157,128,2025-07-18 22:50:00,Deposit,743.32,75889.84,12,False
158,160,2026-07-09 01:30:00,Deposit,1181.22,67515.87,5,False
159,82,2025-01-24 15:54:00,Deposit,2339.93,58429.83,5,False
160,64,2026-01-21 11:20:00,Deposit,135.12,60797.3,7,False
161,224,2026-05-24 14:24:00,Transfer,303.69,30700.4,2,False
162,14,2025-06-23 23:13:00,Transfer,396.37,24823.18,9,False
163,216,2025-08-26 11:56:00,Withdrawal,312.03,84186.44,4,False
164,104,2025-06-28 18:18:00,Transfer,1179.81,60364.27,5,False
165,62,2026-05-23 07:53:00,Withdrawal,2365.76,95095.13,1,False
166,242,2025-05-07 00:04:00,Transfer,451.96,45892.51,4,False
167,20,2025-11-13 12:48:00,Purchase,1243.9,68506.29,7,False
168,159,2025-03-27 10:22:00,Transfer,1237.37,27621.54,12,False
169,103,2025-12-11 09:37:00,Transfer,525.97,74812.61,7,False
170,88,2025-04-19 21:58:00,Withdrawal,1428.72,42105.85,2,False
171,72,2026-05-23 21:47:00,Withdrawal,459.57,28068.64,2,False
172,18,2025-06-13 04:49:00,Withdrawal,3137.39,55141.7,9,False
173,180,2025-03-31 00:33:00,Transfer,724.39,29952.48,10,False
174,129,2026-07-11 19:15:00,Withdrawal,323.08,57098.49,6,False
175,76,2025-12-06 16:12:00,Transfer,270.46,24455.86,2,False
176,157,2026-04-30 12:41:00,Withdrawal,172.3,83384.86,9,False
177,268,2025-03-24 23:35:00,Purchase,2940.26,45168.74,7,False
178,115,2026-05-18 21:31:00,Purchase,96.16,47591.81,5,False
179,75,2026-01-14 12:52:00,Withdrawal,2204.0,32623.27,5,False
180,178,2026-01-15 20:55:00,Deposit,193.15,14206.08,4,False
181,101,2026-03-29 08:20:00,Transfer,2392.31,67787.36,4,False
182,81,2025-12-14 17:12:00,Withdrawal,120.6,98409.75,9,False
183,70,2026-06-09 13:17:00,Deposit,342.87,14388.33,9,False
184,159,2025-07-07 18:57:00,Deposit,243.41,26741.59,7,False
185,88,2025-01-13 05:09:00,Transfer,63966.0,49616.57,2,True
186,165,2025-11-03 15:33:00,Withdrawal,60.41,47956.92,1,False
187,98,2026-04-25 14:32:00,Withdrawal,804.85,56283.94,3,False
188,238,2025-03-08 00:50:00,Purchase,982.85,35524.35,6,False
189,150,2026-02-23 16:45:00,Transfer,2138.5,42235.48,5,False
190,7,2026-02-24 02:33:00,Deposit,150.57,88597.56,12,False
191,216,2025-08-31 23:00:00,Transfer,621.47,83670.48,4,False
192,44,2025-01-13 11:36:00,Purchase,203.53,8693.71,2,False
193,112,2026-03-05 04:18:00,Transfer,144.38,73998.41,4,False
194,28,2026-07-28 21:46:00,Withdrawal,533.54,35834.61,4,False
195,100,2026-04-25 11:23:00,Deposit,707.14,68120.97,9,False
196,162,2025-06-02 08:47:00,Purchase,217.58,7316.49,4,False
197,154,2025-02-23 20:29:00,Transfer,325.51,26423.32,6,False
198,140,2026-03-17 16:56:00,Transfer,534.11,55328.84,5,False
199,20,2026-01-19 07:28:00,Transfer,602.9,68789.61,1,False
200,2,2025-05-23 09:02:00,Withdrawal,900.54,68466.46,11,False
201,255,2025-10-14 03:05:00,Transfer,788.41,98926.02,1,False
202,162,2025-01-14 03:31:00,Purchase,344.76,7353.34,12,False
203,19,2025-04-06 08:16:00,Withdrawal,171.45,3101.16,11,False
204,209,2025-09-23 03:26:00,Transfer,1250.41,22646.29,4,False
205,223,2025-11-04 17:40:00,Transfer,716.64,22554.75,8,False
206,94,2026-08-19 11:58:00,Withdrawal,1639.25,84756.97,3,False
207,223,2025-12-07 09:15:00,Transfer,282.31,21868.64,8,False
208,198,2025-03-03 08:58:00,Deposit,272.95,11514.97,8,False
209,232,2025-12-22 03:22:00,Purchase,772.52,73450.34,8,False
210,91,2026-04-29 14:33:00,Withdrawal,1041.32,46907.9,4,False
211,76,2025-06-04 23:26:00,Withdrawal,122.08,24556.6,6,False
212,14,2026-06-22 09:30:00,Transfer,2273.63,23980.13,12,False
213,97,2026-01-13 11:56:00,Transfer,343.02,46814.51,6,False
214,170,2025-02-17 05:48:00,Transfer,134.46,60552.91,8,False
215,231,2026-01-27 10:25:00,Withdrawal,1135.1,82583.13,3,False
216,182,2026-03-20 22:29:00,Transfer,90.25,13812.89,8,False
217,12,2025-03-10 04:53:00,Withdrawal,1394.21,70053.33,10,False
218,99,2025-07-23 10:06:00,Deposit,601.12,77748.15,12,False
219,197,2025-12-04 20:48:00,Purchase,56.7,39140.9,8,False
220,193,2026-07-26 02:46:00,Purchase,765.37,90296.41,3,False
221,239,2026-09-01 18:13:00,Purchase,901.09,7917.43,4,False
222,21,2026-01-19 14:06:00,Deposit,696.79,46470.43,7,False
223,59,2025-02-18 01:24:00,Deposit,193.78,6375.52,5,False
224,161,2025-12-14 02:52:00,Transfer,1048.99,26002.93,1,False
225,68,2025-09-13 04:21:00,Deposit,53.77,96458.67,5,False
226,9,2026-04-28 08:01:00,Deposit,732.94,3326.59,3,False
227,164,2026-04-09 04:13:00,Deposit,221.39,75147.76,7,False
228,10,2025-03-20 06:17:00,Purchase,308.39,92725.81,6,False
229,222,2026-06-14 16:57:00,Withdrawal,291.27,62666.69,8,False
230,225,2026-06-11 00:22:00,Deposit,471.9,74678.77,1,False
231,25,2025-07-22 09:38:00,Deposit,2276.41,45352.48,6,False
232,216,2025-04-30 11:06:00,Deposit,36262.8,79820.32,2,True
233,200,2025-06-03 09:12:00,Deposit,2447.41,71600.05,4,False
234,244,2025-02-03 21:35:00,Deposit,601.15,8797.76,8,False
235,88,2026-06-14 02:28:00,Deposit,9783.2,35373.97,11,True
236,196,2025-07-20 14:53:00,Deposit,2778.09,2711.87,9,False
237,161,2025-08-09 00:16:00,Transfer,593.61,27055.39,3,False
238,70,2026-03-12 23:17:00,Purchase,1828.92,13479.47,8,False
239,27,2025-11-11 06:22:00,Withdrawal,451.65,41328.55,3,False
240,9,2026-07-12 00:04:00,Purchase,1075.23,3513.71,1,False
241,4,2026-03-23 23:22:00,Transfer,1035.26,13748.5,1,False
242,263,2026-05-30 12:18:00,Transfer,129.86,71176.97,7,False
243,122,2025-11-17 05:47:00,Transfer,111.68,36784.7,9,False
244,140,2025-03-01 15:14:00,Deposit,298.43,55227.85,7,False
245,216,2026-04-23 21:23:00,Transfer,1429.55,84148.09,7,False
246,50,2026-05-24 21:25:00,Withdrawal,1208.05,98090.91,8,False
247,193,2025-08-23 22:46:00,Purchase,3990.03,89784.4,2,False
248,76,2026-01-22 04:58:00,Withdrawal,480.79,24226.73,11,False
249,250,2025-12-19 04:08:00,Purchase,2003.07,90031.2,8,False
250,66,2026-07-24 16:16:00,Transfer,63.37,68343.91,5,False
251,173,2025-09-30 14:06:00,Purchase,127.97,91504.52,8,False
252,123,2026-01-20 00:28:00,Transfer,1666.9,87014.81,3,False
253,46,2025-05-30 00:33:00,Purchase,1109.55,53481.21,4,False
254,68,2025-08-27 02:39:00,Deposit,1305.65,96799.7,5,False
255,22,2025-04-07 17:30:00,Withdrawal,10484.76,36000.12,11,True
256,147,2026-08-20 05:44:00,Transfer,1202.99,54588.1,9,False
257,239,2026-03-21 14:27:00,Transfer,316.55,7728.23,2,False
258,201,2025-10-11 17:57:00,Deposit,986.69,58314.51,8,False
259,11,2025-02-20 11:38:00,Transfer,3089.29,45731.04,9,False
260,189,2025-06-09 18:21:00,Withdrawal,1364.8,9920.56,6,False
261,108,2026-04-10 08:04:00,Transfer,587.99,26031.9,3,False
262,125,2025-08-30 05:01:00,Deposit,127.25,4013.22,7,False
263,130,2025-09-24 14:11:00,Deposit,520.83,60621.95,12,False
264,15,2026-01-25 00:34:00,Purchase,270.63,69345.14,10,False
265,117,2025-05-16 10:47:00,Transfer,627.7,66080.67,5,False
266,242,2026-06-13 07:57:00,Withdrawal,148.34,45948.42,8,False
267,225,2026-01-27 18:23:00,Transfer,1456.64,74586.64,12,False
268,107,2025-12-19 22:04:00,Deposit,1006.2,44499.27,12,False
269,13,2026-06-11 18:20:00,Deposit,691.3,74646.57,6,False
270,210,2025-02-13 11:11:00,Transfer,411.6,46441.03,1,False
271,79,2026-02-22 21:45:00,Withdrawal,278.25,11917.92,2,False
272,154,2026-08-16 11:00:00,Withdrawal,275.0,26391.78,4,False
273,99,2025-01-28 23:49:00,Transfer,985.06,77329.87,9,False
274,107,2025-06-30 13:46:00,Deposit,1101.56,43874.84,10,False
275,256,2025-09-03 14:38:00,Purchase,121.89,22603.8,2,False
276,250,2025-02-09 13:22:00,Deposit,917.4,90245.34,10,False
277,54,2025-12-03 20:32:00,Deposit,853.8,76098.04,4,False
278,249,2025-12-13 13:29:00,Transfer,1135.66,19559.63,8,False
279,144,2025-02-01 15:06:00,Purchase,2041.51,94973.54,4,False
280,64,2025-04-24 09:43:00,Purchase,339.24,60684.56,12,False
281,218,2025-05-08 20:58:00,Deposit,1091.35,90323.55,8,False
282,42,2025-12-17 06:11:00,Transfer,942.08,54696.08,5,False
283,156,2025-11-24 15:32:00,Deposit,1070.15,69033.77,3,False
284,239,2025-06-13 03:33:00,Withdrawal,231.07,7431.82,7,False
285,37,2026-01-13 01:49:00,Deposit,113.51,77722.64,10,False
286,217,2026-01-08 09:03:00,Deposit,946.67,53804.87,11,False
287,59,2025-07-04 23:22:00,Purchase,953.19,6698.36,1,False
288,18,2025-04-01 05:21:00,Transfer,331.23,51955.09,11,False
289,5,2026-06-06 10:53:00,Deposit,168.41,42884.84,12,False
290,16,2025-07-09 03:04:00,Deposit,945.06,47792.75,7,False
291,119,2025-11-21 11:23:00,Deposit,383.35,94985.93,11,False
292,26,2025-07-08 10:20:00,Withdrawal,1459.24,48673.93,12,False
293,188,2025-05-30 09:22:00,Deposit,248.03,4834.65,6,False
294,177,2025-08-31 03:14:00,Purchase,696.51,81579.77,10,False
295,262,2026-03-19 02:09:00,Purchase,84.59,60330.03,7,False
296,63,2026-01-08 18:26:00,Purchase,206.68,11326.63,5,False
297,62,2025-07-17 09:02:00,Purchase,491.36,93859.99,1,False
298,44,2025-03-08 13:40:00,Withdrawal,764.34,8621.61,1,False
299,191,2025-01-04 04:20:00,Transfer,354.88,18995.33,6,False
300,139,2025-02-12 21:20:00,Withdrawal,281.63,88865.07,4,False
301,123,2026-01-01 11:34:00,Transfer,361.37,87901.36,6,False
302,164,2025-11-30 15:16:00,Transfer,1414.58,74520.86,6,False
303,201,2026-05-03 03:53:00,Purchase,279.72,58336.56,6,False
304,93,2026-05-18 03:29:00,Withdrawal,2549.48,26045.23,2,False
305,137,2025-12-19 15:30:00,Deposit,1793.2,77860.87,11,False
306,19,2025-05-10 23:40:00,Purchase,512.61,3066.59,1,False
307,177,2025-05-24 17:03:00,Purchase,148.74,81268.81,5,False
308,149,2025-03-22 20:13:00,Withdrawal,1172.94,34694.41,5,False
309,108,2025-06-07 18:13:00,Withdrawal,659.21,26053.04,3,False
310,254,2026-07-14 19:20:00,Purchase,177.45,18193.16,1,False
311,134,2026-08-07 23:28:00,Purchase,405.97,4490.49,6,False
312,232,2025-01-25 00:13:00,Withdrawal,1099.03,74104.89,2,False
313,18,2026-05-03 04:23:00,Purchase,115.27,52312.07,2,False
314,10,2026-03-03 07:05:00,Deposit,242.69,92854.16,5,False
315,136,2025-06-21 20:14:00,Deposit,3388.03,57632.38,2,False
316,248,2025-03-16 17:27:00,Purchase,1357.89,21371.24,12,False
317,29,2025-10-24 19:40:00,Deposit,320.21,57421.47,6,False
318,28,2026-01-29 02:02:00,Purchase,691.43,34956.73,11,False
319,251,2025-05-20 04:09:00,Deposit,403.29,78060.62,2,False
320,121,2026-08-04 21:13:00,Deposit,407.45,11551.74,4,False
321,194,2026-01-07 17:39:00,Purchase,279.24,63942.3,11,False
322,103,2025-01-03 19:54:00,Deposit,2906.32,74644.88,8,False
323,8,2025-02-03 22:36:00,Purchase,540.84,71153.29,9,False
324,50,2026-03-31 11:59:00,Withdrawal,1229.25,98305.92,8,False
325,7,2025-10-04 09:34:00,Purchase,1258.08,89176.11,9,False
326,8,2026-07-16 07:21:00,Transfer,131.55,71511.0,11,False
327,197,2026-01-19 06:27:00,Withdrawal,1076.96,39880.97,8,False
328,34,2025-01-07 18:43:00,Withdrawal,1086.02,30277.21,2,False
329,136,2025-05-29 10:49:00,Purchase,1553.0,62337.05,6,False
330,233,2026-08-24 17:03:00,Withdrawal,208.57,96131.93,12,False
331,122,2025-07-06 19:32:00,Transfer,336.25,37022.65,1,False
332,101,2026-02-14 04:50:00,Deposit,288.08,66988.64,8,False
333,113,2026-06-03 22:27:00,Deposit,2050.58,23411.43,3,False
334,150,2025-01-29 03:33:00,Deposit,622.74,40037.63,2,False
335,210,2026-04-12 20:45:00,Transfer,92.35,46879.11,3,False
336,95,2025-05-01 07:24:00,Deposit,1213.57,64288.45,9,False
337,161,2026-06-05 01:49:00,Withdrawal,4742.24,22365.99,2,True
338,146,2025-10-06 09:41:00,Withdrawal,751.48,64863.88,1,False
339,220,2025-06-02 01:08:00,Transfer,307.4,61872.0,7,False
340,113,2025-02-19 22:05:00,Purchase,194.44,22383.12,9,False
341,258,2025-11-26 23:52:00,Transfer,654.55,54507.66,2,False
342,255,2026-03-31 04:52:00,Purchase,68.94,99563.91,10,False
343,1,2026-09-01 07:54:00,Purchase,95.77,75174.01,1,False
344,157,2025-02-01 14:40:00,Transfer,230.3,83234.26,2,False
345,111,2025-05-19 11:56:00,Transfer,1239.58,73305.56,10,False
346,244,2026-04-10 06:15:00,Deposit,440.16,9626.16,7,False
347,233,2026-01-14 21:01:00,Withdrawal,721.6,95562.25,7,False
348,163,2025-02-10 22:00:00,Deposit,133.55,44748.06,5,False
349,99,2026-05-20 11:50:00,Purchase,3223.86,78454.25,6,False
350,72,2025-05-07 05:49:00,Deposit,886.58,28197.39,11,False
351,98,2026-01-18 02:34:00,Deposit,27.34,56145.48,4,False
352,119,2025-06-13 04:53:00,Withdrawal,65.06,95074.7,9,False
353,238,2025-07-24 13:05:00,Transfer,1588.21,35174.97,12,False
354,263,2026-08-21 03:28:00,Transfer,269.05,71192.3,1,False
355,27,2025-08-02 15:03:00,Purchase,301.63,41390.4,12,False
356,55,2025-01-26 16:14:00,Transfer,312.5,27014.2,7,False
357,218,2026-01-08 19:53:00,Deposit,27494.04,115219.97,1,True
358,269,2026-04-27 19:14:00,Transfer,467.98,16869.8,12,False
359,207,2025-10-06 17:29:00,Withdrawal,1279.21,82382.05,1,False
360,268,2025-11-04 07:33:00,Withdrawal,130.82,42537.85,2,False
361,103,2026-06-19 04:27:00,Purchase,34.79,74748.95,3,False
362,14,2026-04-19 21:01:00,Deposit,290.77,24948.56,10,False
363,213,2026-07-11 07:55:00,Deposit,2149.81,60741.68,4,False
364,168,2025-07-20 13:57:00,Purchase,132.22,91443.28,1,False
365,134,2026-08-15 16:20:00,Deposit,399.63,4528.51,7,False
366,259,2025-04-24 15:38:00,Withdrawal,374.37,17391.85,4,False
367,57,2025-03-31 01:17:00,Withdrawal,545.33,29176.09,10,False
368,183,2025-10-08 03:32:00,Transfer,54.98,21714.28,5,False
369,119,2026-01-13 09:51:00,Withdrawal,127.25,95136.0,11,False
370,12,2025-03-09 05:55:00,Withdrawal,119.66,69132.27,12,False
371,127,2026-01-14 02:24:00,Deposit,4874.45,73852.66,7,False
372,120,2025-07-19 13:21:00,Purchase,2525.48,43240.05,4,False
373,94,2025-02-27 14:27:00,Withdrawal,109.63,84197.88,4,False
374,33,2025-12-05 08:50:00,Deposit,3809.42,68499.21,7,False
375,236,2026-02-18 11:04:00,Withdrawal,188.29,76434.94,12,False
376,19,2026-01-02 16:34:00,Transfer,3327.54,4905.73,7,False
377,199,2026-03-04 12:14:00,Deposit,1660.74,55078.0,10,False
378,17,2026-05-10 01:19:00,Deposit,318.59,50772.1,9,False
379,115,2026-01-12 00:33:00,Purchase,1001.14,48500.94,11,False
380,26,2025-05-20 13:09:00,Deposit,1073.62,49025.59,8,False
381,155,2026-01-04 01:19:00,Withdrawal,407.33,22536.59,7,False
382,142,2025-12-29 19:39:00,Purchase,211.2,19445.6,6,False
383,269,2025-10-08 18:21:00,Withdrawal,1995.72,18329.91,3,False
384,96,2026-03-09 16:12:00,Transfer,1579.32,46209.59,8,False
385,185,2026-01-16 05:44:00,Transfer,3328.35,40679.08,5,False
386,184,2025-08-06 22:58:00,Deposit,139.22,87040.59,5,False
387,58,2025-05-30 15:28:00,Transfer,24.07,40259.53,8,False
388,242,2025-05-03 10:24:00,Deposit,173.8,46041.05,4,False
389,119,2025-01-13 05:08:00,Purchase,634.68,95534.32,1,False
390,48,2026-04-14 18:12:00,Purchase,1587.21,92461.93,10,False
391,130,2025-05-08 14:48:00,Withdrawal,492.69,60032.95,12,False
392,177,2025-03-14 20:52:00,Purchase,230.21,81404.46,9,False
393,92,2026-02-01 03:50:00,Purchase,969.85,27420.49,4,False
394,184,2026-03-08 20:08:00,Transfer,350.68,87339.17,3,False
395,190,2025-02-07 02:59:00,Deposit,525.84,13386.39,11,False
396,114,2025-04-26 11:28:00,Transfer,395.63,42892.22,9,False
397,181,2026-08-15 10:21:00,Deposit,320.89,38889.18,2,False
398,38,2026-08-28 21:28:00,Withdrawal,171.7,42029.35,12,False
399,184,2025-08-18 20:29:00,Withdrawal,3448.09,84282.58,12,False
400,15,2025-03-05 13:11:00,Purchase,420.62,69368.35,6,False
401,125,2026-07-29 22:43:00,Withdrawal,1032.17,4676.85,4,False
402,157,2025-08-27 16:34:00,Deposit,172.53,83491.71,6,False
403,51,2025-02-26 21:34:00,Deposit,1088.22,12251.13,7,False
404,102,2025-08-14 16:27:00,Withdrawal,1617.76,58210.06,7,True
405,125,2025-05-06 10:48:00,Withdrawal,2359.94,6110.37,8,False
406,159,2026-05-05 12:39:00,Transfer,764.65,26699.36,11,False
407,177,2026-01-07 17:47:00,Deposit,282.62,81181.1,4,False
408,34,2026-04-07 08:04:00,Purchase,2855.27,31375.39,4,False
409,78,2026-04-14 04:50:00,Withdrawal,843.57,10005.67,8,False
410,57,2025-04-21 21:32:00,Deposit,119.58,29769.58,9,False
411,96,2026-04-10 17:26:00,Deposit,2430.89,45463.33,4,False
412,190,2026-01-07 07:30:00,Deposit,549.86,13232.32,9,False
413,95,2025-06-27 05:05:00,Transfer,1077.72,64640.14,10,False
414,81,2025-06-24 21:10:00,Purchase,2603.57,100460.98,12,True
415,80,2025-06-27 13:15:00,Deposit,858.81,4230.69,2,False
416,110,2025-08-18 04:08:00,Withdrawal,3236.04,19421.88,6,False
417,44,2026-05-11 05:19:00,Purchase,1210.22,9913.67,4,False
418,234,2025-01-27 13:57:00,Deposit,489.07,40069.23,6,False
419,204,2026-03-11 15:33:00,Withdrawal,1933.78,63688.8,1,False
420,212,2025-05-16 17:04:00,Purchase,831.84,64477.53,10,False
421,42,2026-01-05 03:02:00,Deposit,310.08,55168.74,1,False
422,48,2026-07-26 08:00:00,Deposit,1039.08,93232.54,10,False
423,175,2025-11-19 21:57:00,Purchase,470.69,26236.68,9,False
424,177,2025-03-15 08:42:00,Withdrawal,215.02,81219.7,10,False
425,187,2025-11-28 23:33:00,Withdrawal,396.61,55591.75,3,False
426,240,2025-09-08 10:47:00,Deposit,1196.02,40541.09,8,False
427,158,2025-11-26 03:43:00,Purchase,2067.43,12684.57,7,False
428,45,2025-10-22 05:48:00,Purchase,2699.56,57257.08,11,False
429,90,2025-09-29 09:56:00,Transfer,1318.07,77693.07,2,False
430,65,2026-04-23 19:22:00,Purchase,207.91,20380.11,6,False
431,20,2025-07-11 12:42:00,Withdrawal,843.53,67615.12,5,False
432,217,2026-05-14 15:46:00,Deposit,705.21,53882.01,9,False
433,19,2025-12-23 09:34:00,Purchase,1782.22,2026.03,7,False
434,134,2025-08-30 05:47:00,Deposit,538.1,4329.69,11,False
435,48,2025-05-26 02:07:00,Purchase,72.72,93904.53,1,False
436,215,2025-01-26 15:37:00,Purchase,98.54,99651.09,9,False
437,30,2025-08-25 08:14:00,Deposit,231.92,72455.05,5,False
438,81,2026-08-18 19:04:00,Withdrawal,761.81,99153.65,2,False
439,145,2026-05-08 22:10:00,Transfer,58.05,75718.26,12,False
440,148,2026-03-01 05:09:00,Withdrawal,181.92,36120.74,4,False
441,205,2026-04-04 03:51:00,Deposit,1237.3,73213.11,4,False
442,172,2025-09-19 13:06:00,Purchase,2380.14,68583.22,12,False
443,56,2025-04-11 03:26:00,Transfer,91.57,27075.95,3,False
444,267,2026-06-11 15:45:00,Purchase,289.74,54022.85,2,False
445,150,2026-03-02 05:12:00,Withdrawal,887.31,40932.36,1,False
446,173,2025-12-21 03:44:00,Transfer,1707.28,93049.35,8,False
447,128,2026-03-18 03:40:00,Deposit,4246.37,77416.86,2,False
448,69,2026-08-02 17:52:00,Withdrawal,1076.39,52339.97,4,False
449,137,2025-12-26 20:06:00,Transfer,1357.93,78535.18,8,False
450,221,2025-09-05 21:48:00,Deposit,449.07,5758.71,1,False
451,123,2025-03-18 19:16:00,Withdrawal,437.69,87252.25,5,False
452,180,2025-08-21 02:08:00,Withdrawal,857.77,30178.26,11,False
453,205,2026-07-29 17:56:00,Purchase,15.63,73559.22,1,False
454,62,2026-07-01 01:52:00,Deposit,1397.39,95569.76,10,False
455,93,2026-02-06 11:32:00,Deposit,504.73,26291.41,2,False
456,51,2025-08-06 21:11:00,Withdrawal,763.31,12873.68,7,False
457,151,2025-12-03 15:45:00,Purchase,128.9,95651.86,8,False
458,266,2026-08-16 12:10:00,Deposit,2162.93,80624.07,11,False
459,160,2025-06-12 04:42:00,Withdrawal,53.2,68085.16,10,False
460,254,2025-09-07 04:28:00,Withdrawal,2220.48,19257.22,3,True
461,113,2025-05-12 19:27:00,Withdrawal,1677.37,22726.66,5,False
462,191,2025-12-27 06:57:00,Purchase,724.24,18626.58,11,False
463,78,2026-07-17 00:24:00,Transfer,27.06,9651.66,9,False
464,222,2026-06-29 02:21:00,Purchase,37.24,62561.75,6,False
465,183,2025-05-03 15:18:00,Deposit,631.56,21628.01,6,False
466,211,2025-11-04 08:47:00,Purchase,4383.48,56198.34,9,False
467,150,2025-02-28 05:33:00,Withdrawal,198.39,40839.72,10,False
468,129,2025-08-01 01:39:00,Purchase,238.23,57241.12,12,False
469,200,2025-10-07 05:05:00,Purchase,699.07,72609.14,9,False
470,227,2026-03-16 02:50:00,Purchase,350.73,21949.63,1,False
471,254,2026-03-03 12:39:00,Deposit,918.3,17886.23,5,False
472,163,2025-10-31 22:21:00,Withdrawal,234.54,44533.95,8,False
473,93,2025-01-09 22:25:00,Withdrawal,153.07,25763.89,2,False
474,149,2025-01-19 01:31:00,Purchase,83.2,34701.66,7,False
475,262,2025-01-30 22:44:00,Withdrawal,172.95,60357.07,6,False
476,198,2025-05-26 00:47:00,Deposit,308.36,11275.99,9,False
477,194,2025-06-28 13:20:00,Withdrawal,2527.02,61489.2,10,False
478,41,2025-08-09 01:24:00,Purchase,462.29,92430.45,2,False
479,74,2025-11-14 10:23:00,Transfer,826.5,16610.94,12,False
480,188,2025-12-16 14:41:00,Transfer,1426.81,4344.48,6,False
481,132,2025-10-25 07:15:00,Withdrawal,33.71,8220.01,8,False
482,72,2026-02-12 13:42:00,Purchase,167.87,28513.73,8,False
483,82,2025-04-06 22:25:00,Transfer,2282.24,55283.83,10,False
484,92,2026-01-01 04:41:00,Deposit,268.69,27080.54,1,False
485,198,2025-04-04 05:58:00,Deposit,826.48,12085.02,8,False
486,234,2026-08-22 22:34:00,Transfer,1167.1,40059.29,7,False
487,54,2025-08-01 11:38:00,Deposit,413.13,76082.28,1,False
488,39,2026-04-02 00:23:00,Deposit,1631.79,80460.48,2,True
489,243,2025-09-16 18:02:00,Purchase,151.27,47793.96,1,False
490,32,2026-03-12 00:10:00,Deposit,367.48,31584.71,11,False
491,84,2025-09-11 03:26:00,Deposit,677.81,82396.62,11,False
492,116,2025-04-21 05:13:00,Transfer,2856.02,44837.05,9,False
493,170,2025-01-14 15:52:00,Withdrawal,446.99,60378.57,3,False
494,177,2026-03-17 16:10:00,Purchase,44.27,81277.94,10,False
495,164,2025-03-18 10:22:00,Transfer,154.47,75273.03,9,False
496,149,2025-02-25 10:22:00,Withdrawal,1909.7,35322.34,6,False
497,97,2026-02-15 11:49:00,Deposit,529.01,46275.54,2,False
498,218,2026-08-02 10:10:00,Withdrawal,985.5,89668.63,5,False
499,47,2025-09-10 09:45:00,Deposit,977.46,15927.53,8,False
500,222,2025-07-30 19:00:00,Withdrawal,1100.02,63114.08,9,False
501,143,2025-04-07 03:33:00,Deposit,798.19,72616.18,8,False
502,85,2025-08-03 04:24:00,Transfer,2598.61,61573.58,5,False
503,137,2026-07-14 14:22:00,Purchase,592.76,78121.89,1,False
504,135,2026-03-17 07:50:00,Purchase,488.82,75530.46,5,False
505,175,2025-02-05 07:34:00,Transfer,344.36,25924.08,11,False
506,179,2025-10-21 11:40:00,Deposit,535.38,54127.86,1,False
507,75,2025-06-05 22:42:00,Deposit,175.27,33207.53,10,False
508,39,2026-08-07 09:54:00,Transfer,711.19,81787.0,1,True
509,121,2025-04-24 19:57:00,Transfer,2153.04,10455.37,8,False
510,21,2025-09-06 06:23:00,Purchase,1559.17,47171.88,7,False
511,112,2025-07-18 10:28:00,Purchase,861.33,74629.86,7,False
512,258,2026-04-04 03:49:00,Transfer,312.67,53647.73,8,False
513,92,2026-08-01 01:47:00,Withdrawal,244.37,26849.86,2,False
514,157,2025-03-15 14:56:00,Transfer,1298.72,82881.66,11,False
515,164,2025-02-12 10:20:00,Withdrawal,48.49,75350.31,10,False
516,243,2026-06-17 04:44:00,Deposit,1055.06,47046.69,7,False
517,186,2025-06-04 20:56:00,Deposit,4701.72,68232.04,5,True
518,8,2025-12-17 03:43:00,Withdrawal,307.52,71670.35,2,False
519,224,2026-08-31 06:48:00,Purchase,1283.42,31301.78,1,False
520,172,2025-02-26 18:13:00,Deposit,271.27,68685.17,7,False
521,158,2025-10-19 19:29:00,Deposit,1440.05,11589.68,1,False
522,163,2025-09-23 16:12:00,Purchase,24.64,44661.71,12,False
523,64,2025-10-22 22:00:00,Transfer,1945.2,60128.68,11,False
524,178,2026-04-02 05:02:00,Deposit,449.01,13825.37,7,False
525,24,2025-03-07 09:05:00,Purchase,229.01,53392.85,6,False
526,91,2025-03-14 08:17:00,Deposit,77.24,45946.22,2,False
527,229,2026-03-30 04:01:00,Deposit,46029.03,81394.83,6,True
528,124,2025-10-18 00:24:00,Deposit,15.19,18542.52,4,False
529,52,2025-06-02 15:46:00,Withdrawal,59.62,26932.67,9,False
530,265,2026-01-30 13:56:00,Deposit,753.29,76810.24,5,False
531,156,2026-04-23 05:41:00,Transfer,27.82,69542.85,7,False
532,8,2026-03-31 07:11:00,Withdrawal,3289.8,72516.81,11,True
533,240,2026-06-16 20:03:00,Deposit,425.32,41212.47,8,False
534,260,2025-10-27 15:18:00,Withdrawal,394.9,14543.33,7,False
535,232,2025-03-13 16:41:00,Purchase,199.35,73063.28,7,False
536,83,2025-02-06 12:17:00,Deposit,1749.92,45530.96,9,False
537,40,2025-04-20 12:04:00,Transfer,320.75,75334.83,10,False
538,269,2025-06-26 05:41:00,Transfer,544.81,17127.9,9,False
539,54,2026-07-16 11:19:00,Withdrawal,695.12,75449.5,10,False
540,71,2026-08-01 11:15:00,Deposit,264.6,13641.31,9,False
541,47,2025-01-27 08:54:00,Withdrawal,242.41,16700.78,8,False
542,147,2025-09-10 16:53:00,Deposit,831.94,53790.13,8,False
543,161,2025-07-25 13:43:00,Deposit,95.22,26912.54,12,False
544,33,2025-06-16 11:36:00,Deposit,1367.02,70074.13,11,False
545,29,2025-03-10 22:56:00,Deposit,960.23,58132.91,7,False
546,260,2026-06-15 17:11:00,Purchase,2500.69,15105.12,1,False
547,146,2026-07-29 03:01:00,Deposit,301.95,65836.26,7,False
548,244,2025-01-22 19:47:00,Deposit,33.22,9354.19,3,False
549,4,2025-04-26 17:10:00,Purchase,162.55,14357.93,8,False
550,96,2025-01-20 11:24:00,Deposit,1527.33,48075.08,5,False
551,2,2025-12-29 20:50:00,Deposit,1753.24,66863.77,8,False
552,254,2026-03-19 01:43:00,Withdrawal,632.13,18248.09,5,False
553,203,2026-04-10 10:14:00,Transfer,124.22,40935.2,4,False
554,102,2025-11-21 18:54:00,Transfer,987.21,59658.68,1,False
555,86,2026-07-14 22:07:00,Withdrawal,35.12,97207.76,9,False
556,20,2025-07-19 18:34:00,Deposit,1086.66,69340.97,2,True
557,114,2025-09-11 12:55:00,Withdrawal,393.92,43503.46,2,False
558,183,2026-08-12 19:05:00,Deposit,415.77,21651.23,2,False
559,51,2026-06-19 02:23:00,Purchase,448.74,12946.01,10,False
560,154,2026-04-12 00:24:00,Transfer,20.67,26552.93,7,False
561,124,2025-08-20 11:37:00,Purchase,1399.57,17539.46,7,False
562,10,2026-01-26 11:27:00,Withdrawal,217.61,92925.43,8,False
563,25,2025-01-21 00:39:00,Withdrawal,312.61,47335.59,3,False
564,229,2025-01-12 05:44:00,Deposit,1677.91,46717.85,11,False
565,108,2025-04-12 12:41:00,Purchase,1408.59,25913.05,9,False
566,225,2025-04-29 06:53:00,Withdrawal,4432.47,79111.44,2,True
567,178,2026-07-14 18:04:00,Purchase,563.82,13844.4,6,False
568,39,2025-09-28 02:37:00,Transfer,330.88,81935.45,3,False
569,199,2025-01-12 01:50:00,Withdrawal,1684.96,53173.38,8,False
570,191,2025-08-18 22:50:00,Purchase,249.14,18995.83,9,False
571,142,2025-10-30 02:36:00,Withdrawal,718.9,19270.38,9,False
572,262,2025-06-02 12:29:00,Deposit,738.64,59789.52,3,False
573,234,2026-08-08 08:22:00,Deposit,689.29,40022.38,9,False
574,115,2026-01-31 03:53:00,Transfer,397.08,47351.21,9,False
575,183,2025-08-04 21:47:00,Deposit,129.43,21843.39,11,False
576,144,2026-05-13 10:31:00,Purchase,2716.02,97672.48,11,False
577,154,2025-03-15 15:42:00,Purchase,133.45,26669.55,6,False
578,241,2025-02-03 11:45:00,Purchase,1932.1,80876.48,1,False
579,53,2025-04-07 02:54:00,Withdrawal,170.86,32737.41,10,False
580,21,2025-12-15 16:40:00,Withdrawal,44.81,46162.39,10,False
581,153,2026-01-31 14:16:00,Deposit,405.77,29340.92,12,False
582,211,2025-05-15 14:46:00,Transfer,662.96,53516.37,8,False
583,175,2025-03-21 21:52:00,Deposit,2441.45,24539.84,5,False
584,167,2026-01-30 03:48:00,Purchase,1562.47,32397.45,11,False
585,66,2025-11-11 06:17:00,Transfer,1095.73,69044.85,12,False
586,223,2025-09-12 18:13:00,Transfer,3148.9,20083.31,12,False
587,133,2025-01-20 10:06:00,Deposit,65.23,29291.42,11,False
588,60,2026-01-15 02:49:00,Deposit,692.02,85798.45,5,True
589,116,2025-02-10 05:35:00,Deposit,320.88,45893.79,11,False
590,201,2025-04-21 19:15:00,Transfer,1505.4,58880.71,2,False
591,131,2025-02-11 08:14:00,Purchase,815.76,87.86,9,False
592,124,2026-08-16 17:31:00,Deposit,3078.79,18129.79,1,False
593,66,2026-02-16 22:26:00,Transfer,222.14,68468.07,6,False
594,53,2025-06-24 23:47:00,Transfer,81.3,32835.92,3,False
595,207,2025-03-01 08:02:00,Deposit,3336.13,81541.91,3,False
596,31,2026-05-01 13:16:00,Purchase,1999.46,40879.57,5,False
597,59,2025-11-05 06:16:00,Transfer,2594.8,8715.2,8,False
598,132,2025-07-23 22:41:00,Purchase,499.68,8113.69,11,False
599,93,2026-08-22 01:06:00,Withdrawal,1312.93,25848.23,8,False
600,205,2026-02-04 12:07:00,Deposit,507.98,73312.2,6,False
601,205,2026-08-04 20:04:00,Transfer,589.03,73082.46,9,False
602,123,2026-07-11 05:46:00,Deposit,603.49,87415.46,12,False
603,26,2026-01-11 15:06:00,Transfer,1214.64,49502.12,2,False
604,134,2026-04-03 07:56:00,Purchase,738.68,4541.31,7,False
605,203,2026-01-02 16:30:00,Transfer,17.14,41071.09,7,False
606,24,2025-12-18 19:27:00,Deposit,147.13,53429.83,8,False
607,195,2026-01-07 21:28:00,Deposit,44.72,9296.37,8,False
608,251,2026-04-13 09:02:00,Transfer,149.54,78322.18,3,False
609,6,2025-07-05 02:37:00,Withdrawal,1689.23,77143.31,11,False
610,185,2025-05-27 04:16:00,Withdrawal,536.06,43975.98,4,False
611,269,2025-08-13 06:07:00,Transfer,86.37,17146.92,11,False
612,85,2026-03-11 00:16:00,Purchase,5696.89,65091.64,9,False
613,90,2025-05-07 03:52:00,Transfer,1094.59,75924.4,2,False
614,93,2026-07-15 14:27:00,Deposit,233.58,25847.31,7,False
615,201,2025-06-04 07:42:00,Transfer,135.12,58158.49,1,False
616,243,2025-09-04 06:10:00,Withdrawal,1102.41,48774.88,5,False
617,163,2025-03-18 01:27:00,Withdrawal,529.24,45059.59,1,False
618,42,2025-07-08 07:53:00,Transfer,1299.59,55419.67,2,False
619,34,2026-04-13 22:40:00,Transfer,897.78,29902.61,2,False
620,98,2026-07-31 11:27:00,Withdrawal,1140.43,56226.56,4,False
621,97,2025-09-03 08:46:00,Transfer,903.29,46282.54,10,False
622,55,2026-04-27 00:08:00,Deposit,316.2,26929.18,9,False
623,102,2026-03-09 07:14:00,Transfer,535.14,59587.64,11,False
624,163,2026-01-21 02:32:00,Deposit,125.74,44534.73,7,False
625,212,2026-02-16 08:34:00,Withdrawal,470.67,63803.73,11,False
626,80,2025-08-30 03:58:00,Deposit,310.65,3606.94,2,False
627,76,2025-12-31 11:25:00,Purchase,1174.32,23403.46,8,False
628,150,2025-08-17 08:23:00,Purchase,805.68,41196.19,5,False
629,207,2025-12-12 08:20:00,Transfer,2435.41,85475.15,4,False
630,21,2026-04-21 08:26:00,Deposit,688.79,46325.88,9,False
631,186,2025-07-20 16:50:00,Deposit,567.97,72275.27,5,False
632,163,2026-05-20 07:53:00,Deposit,54.46,44618.08,3,False
633,133,2026-05-26 10:44:00,Deposit,266.39,29361.67,7,False
634,73,2025-03-23 17:40:00,Deposit,244.59,68065.47,9,False
635,190,2025-08-02 19:35:00,Transfer,120.58,13712.25,6,False
636,111,2026-03-30 22:17:00,Withdrawal,1856.43,74436.39,6,False
637,176,2025-05-01 00:08:00,Transfer,464.66,39415.14,10,False
638,218,2025-12-25 10:51:00,Purchase,1595.28,90018.63,12,False
639,20,2025-06-27 23:54:00,Purchase,299.5,68350.13,7,False
640,119,2025-08-29 01:24:00,Deposit,746.32,94976.95,7,False
641,163,2026-01-05 09:56:00,Deposit,310.71,44497.43,6,False
642,236,2026-06-21 11:14:00,Deposit,106.66,76344.23,9,False
643,79,2026-03-04 20:48:00,Purchase,517.04,11908.82,8,False
644,263,2025-01-11 19:39:00,Transfer,2432.99,72805.06,5,False
645,242,2026-04-10 00:34:00,Deposit,525.3,46031.75,11,False
646,28,2025-03-23 23:04:00,Purchase,863.99,34853.21,4,False
647,26,2025-10-23 05:33:00,Deposit,1969.16,49141.26,4,False
648,238,2025-11-27 19:47:00,Purchase,276.82,36243.17,12,False
649,19,2025-03-03 03:23:00,Transfer,138.8,3041.69,2,False
650,214,2026-01-20 02:25:00,Withdrawal,2808.04,48385.35,5,False
651,108,2026-04-19 03:22:00,Withdrawal,340.79,25193.75,3,False
652,255,2025-03-03 13:04:00,Transfer,364.92,99965.74,11,False
653,112,2025-04-18 21:32:00,Withdrawal,1788.21,72994.91,10,False
654,251,2026-05-29 03:06:00,Withdrawal,63.93,78208.87,2,False
655,31,2026-08-07 00:12:00,Withdrawal,677.52,41515.93,1,False
656,186,2026-04-16 03:33:00,Withdrawal,3728.48,71394.92,8,False
657,251,2025-09-15 05:31:00,Transfer,158.49,78194.26,8,False
658,203,2026-07-29 20:12:00,Withdrawal,119.1,40969.61,8,False
659,232,2025-08-03 02:01:00,Withdrawal,1529.45,74657.77,11,False
660,133,2025-04-01 00:55:00,Deposit,613.65,28994.14,8,False
661,193,2025-06-13 05:26:00,Deposit,4652.42,86927.04,7,False
662,19,2026-05-31 11:40:00,Withdrawal,1518.77,3614.62,2,False
663,219,2025-04-20 04:34:00,Transfer,533.25,71808.77,7,False
664,268,2026-06-16 23:57:00,Deposit,255.14,42457.1,3,False
665,152,2025-10-22 08:42:00,Withdrawal,964.36,4555.16,4,False
666,44,2025-09-07 10:59:00,Transfer,572.51,8681.08,5,False
667,105,2025-06-21 17:48:00,Deposit,470.78,7040.68,12,False
668,261,2026-07-01 16:22:00,Purchase,257.1,32623.82,9,False
669,215,2025-06-15 06:22:00,Transfer,1524.29,98680.17,2,False
670,103,2026-04-02 14:21:00,Withdrawal,156.81,74836.7,6,False
671,35,2025-11-06 15:15:00,Transfer,958.01,61426.92,11,False
672,224,2025-12-28 10:47:00,Purchase,1335.29,30624.38,2,False
673,192,2026-03-18 05:26:00,Purchase,975.63,88562.68,8,False
674,114,2026-06-09 14:59:00,Transfer,56.32,43168.83,10,False
675,131,2026-02-04 14:18:00,Transfer,481.6,1090.51,1,False
676,129,2026-06-29 09:09:00,Transfer,217.22,57336.14,3,False
677,44,2026-05-18 10:34:00,Transfer,1245.11,7909.14,5,False
678,236,2026-05-23 11:12:00,Purchase,40.49,76426.0,9,False
679,197,2025-12-08 01:57:00,Deposit,1067.4,39141.43,2,False
680,254,2025-08-08 06:31:00,Deposit,2464.96,18830.76,6,False
681,144,2025-03-05 00:50:00,Deposit,565.64,97293.59,2,False
682,186,2025-08-03 07:20:00,Withdrawal,2496.13,73738.37,12,False
683,127,2026-04-17 16:17:00,Transfer,4644.72,70812.47,5,False
684,167,2025-06-11 14:53:00,Deposit,10791.69,40781.94,1,True
685,259,2025-08-08 19:12:00,Purchase,1132.55,18131.09,9,False
686,116,2025-12-18 07:59:00,Withdrawal,10.59,45999.6,11,False
687,81,2025-06-23 08:14:00,Withdrawal,1537.23,99685.76,10,False
688,62,2025-12-09 17:28:00,Transfer,729.29,94939.82,5,False
689,267,2026-02-03 22:21:00,Withdrawal,1029.39,53249.62,9,False
690,241,2026-03-12 13:35:00,Deposit,356.72,81904.58,7,False
691,21,2025-02-06 13:35:00,Deposit,220.77,46364.97,2,False
692,102,2025-10-28 06:50:00,Withdrawal,987.83,59351.72,11,False
693,250,2025-06-19 13:45:00,Purchase,2148.14,89806.65,12,False
694,45,2025-07-09 07:50:00,Transfer,802.67,58267.02,5,False
695,120,2025-04-04 07:49:00,Transfer,830.49,45146.75,5,False
696,97,2026-05-21 00:37:00,Transfer,1676.71,47673.35,5,False
697,58,2026-08-21 18:22:00,Transfer,85.32,40232.65,5,False
698,92,2026-01-04 01:50:00,Deposit,133.34,27127.96,9,False
699,82,2025-03-27 19:14:00,Purchase,36.44,56215.66,12,False
700,205,2026-03-26 17:51:00,Deposit,91.89,73523.61,7,False
701,39,2025-01-18 03:30:00,Purchase,21.71,82082.71,4,False
702,120,2025-07-18 02:20:00,Deposit,2666.65,47563.5,6,False
703,5,2025-02-10 02:00:00,Purchase,655.02,42297.8,4,False
704,145,2026-06-29 00:17:00,Withdrawal,266.3,75865.0,9,False
705,128,2025-02-10 08:03:00,Purchase,508.36,75764.58,4,False
706,208,2025-10-08 02:15:00,Deposit,2296.27,54681.97,9,False
707,193,2025-11-06 02:10:00,Deposit,1114.18,91987.2,12,False
708,9,2025-05-16 18:27:00,Transfer,589.04,4241.38,1,False
709,156,2025-08-01 11:45:00,Purchase,1106.32,70002.18,7,False
710,98,2025-07-02 03:58:00,Purchase,281.93,56348.03,5,False
711,36,2026-06-19 07:48:00,Purchase,513.37,12753.78,2,False
712,57,2025-12-18 14:53:00,Withdrawal,737.14,29873.35,12,False
713,4,2026-04-25 13:43:00,Withdrawal,494.73,14710.68,6,False
714,85,2025-10-19 02:35:00,Deposit,329.68,61324.42,2,False
715,183,2025-01-19 21:39:00,Withdrawal,1137.5,21682.23,5,False
716,206,2026-05-23 07:17:00,Transfer,1749.94,18043.03,8,False
717,260,2025-06-29 10:05:00,Deposit,126.58,14602.77,9,False
718,31,2026-02-12 13:38:00,Transfer,1818.38,41897.94,1,False
719,59,2025-09-24 20:18:00,Withdrawal,727.48,7067.92,9,False
720,45,2025-08-13 12:46:00,Purchase,597.53,57185.72,8,False
721,20,2025-12-11 15:09:00,Transfer,64.24,68469.89,3,False
722,78,2025-05-21 08:38:00,Purchase,179.91,9682.15,3,False
723,267,2025-10-29 13:06:00,Deposit,808.4,53367.94,10,False
724,256,2025-12-03 16:49:00,Transfer,1907.07,20973.78,7,False
725,36,2026-07-19 09:08:00,Transfer,256.42,13074.8,10,False
726,171,2025-11-20 02:04:00,Deposit,2575.51,47828.16,4,False
727,43,2026-02-25 16:55:00,Transfer,132.84,70459.93,12,False
728,28,2025-05-07 15:09:00,Transfer,1506.65,36709.89,2,False
729,133,2025-09-06 16:25:00,Deposit,661.14,29114.1,4,False
730,231,2025-09-17 14:58:00,Purchase,728.05,82849.46,6,False
731,81,2025-02-15 15:51:00,Deposit,538.48,98618.72,10,False
732,105,2026-02-06 06:22:00,Deposit,1085.5,7454.81,8,False
733,100,2026-07-24 08:07:00,Transfer,233.36,68611.35,11,False
734,195,2026-07-19 10:36:00,Purchase,1156.23,9755.13,8,False
735,200,2025-07-05 11:26:00,Purchase,563.9,72605.1,9,False
736,19,2025-12-11 23:04:00,Withdrawal,342.84,2911.51,1,False
737,89,2025-01-25 02:09:00,Deposit,1331.01,2168.35,4,False
738,174,2026-07-09 05:22:00,Transfer,175.07,96981.55,12,False
739,19,2025-07-05 06:26:00,Purchase,87.52,3104.44,3,False
740,124,2025-03-07 17:29:00,Purchase,2516.6,18179.0,3,False
741,102,2025-09-04 20:51:00,Deposit,304.77,59971.02,9,False
742,18,2025-06-10 19:06:00,Transfer,453.85,52520.11,8,False
743,156,2025-02-11 05:43:00,Transfer,780.95,68824.93,8,False
744,245,2025-02-18 12:25:00,Purchase,1236.8,49255.29,3,False
745,191,2026-02-13 05:50:00,Deposit,1480.81,19011.3,11,False
746,130,2025-08-19 06:52:00,Purchase,1080.52,60704.42,4,False
747,218,2025-06-01 11:00:00,Purchase,272.1,89621.75,6,False
748,239,2026-03-04 23:49:00,Transfer,646.74,8006.16,11,False
749,128,2025-03-15 08:54:00,Transfer,703.39,74995.98,8,False
750,210,2025-12-11 05:53:00,Withdrawal,503.79,46419.34,6,False
751,7,2025-03-28 23:55:00,Withdrawal,2661.06,90959.29,12,False
752,98,2025-01-01 05:48:00,Deposit,35.06,56171.81,2,False
753,81,2025-03-02 23:24:00,Transfer,4137.55,98909.44,1,False
754,30,2025-12-23 11:21:00,Purchase,223.25,72448.15,12,False
755,163,2025-03-14 23:49:00,Withdrawal,1413.72,45404.18,7,False
756,192,2026-05-13 00:18:00,Withdrawal,596.99,89011.48,10,False
757,195,2025-04-01 08:15:00,Deposit,842.0,9047.83,6,False
758,173,2025-04-22 03:00:00,Purchase,1396.09,92448.63,10,False
759,40,2026-04-22 09:41:00,Transfer,3210.49,74044.34,12,False
760,206,2026-08-03 10:23:00,Transfer,549.49,16676.77,2,False
761,239,2025-01-31 05:17:00,Deposit,2476.22,8310.08,3,False
762,203,2025-02-09 02:19:00,Purchase,102.07,40995.31,3,False
763,12,2025-12-23 02:56:00,Withdrawal,861.95,69515.61,12,False
764,97,2025-10-19 07:13:00,Purchase,512.34,46784.63,5,False
765,40,2025-10-04 18:48:00,Deposit,74.12,75631.71,1,False
766,268,2025-11-08 17:41:00,Transfer,755.73,42073.88,5,False
767,84,2025-08-07 13:58:00,Purchase,31.01,82164.93,2,False
768,61,2026-01-10 13:46:00,Withdrawal,1665.58,79470.64,11,False
769,88,2025-01-30 07:16:00,Transfer,2167.28,44019.3,9,False
770,240,2026-05-09 10:27:00,Deposit,34.63,41011.87,1,False
771,58,2026-02-16 12:19:00,Purchase,768.57,40857.14,8,False
772,192,2026-03-04 14:53:00,Withdrawal,551.41,88268.7,4,False
773,231,2025-02-14 14:27:00,Withdrawal,204.58,82064.5,6,False
774,138,2025-06-12 02:57:00,Transfer,159.72,43296.75,2,False
775,61,2026-05-10 11:17:00,Purchase,148.29,79162.15,6,False
776,112,2025-05-31 22:17:00,Withdrawal,1101.3,74849.09,5,False
777,261,2025-11-21 10:17:00,Transfer,457.66,32864.98,8,False
778,55,2026-08-05 10:05:00,Withdrawal,1000.6,26479.79,7,False
779,66,2025-02-08 09:29:00,Withdrawal,6591.57,70189.3,3,False
780,27,2025-12-09 21:08:00,Transfer,712.54,40401.65,5,False
781,224,2025-06-13 17:43:00,Purchase,764.82,29932.36,12,False
782,109,2025-03-23 14:40:00,Deposit,892.64,70756.54,2,False
783,46,2025-12-04 03:11:00,Purchase,2469.85,51959.69,11,False
784,141,2026-02-06 16:56:00,Deposit,3354.15,78790.23,12,False
785,8,2025-02-05 09:32:00,Deposit,166.05,71471.41,8,False
786,176,2025-04-28 10:19:00,Purchase,263.38,40048.89,12,False
787,188,2026-04-03 07:34:00,Deposit,583.37,4712.35,11,False
788,263,2025-05-08 11:13:00,Purchase,1382.25,70675.04,8,False
789,117,2026-06-15 16:28:00,Deposit,431.01,66245.69,6,False
790,83,2026-01-24 13:41:00,Deposit,267.22,46175.85,1,False
791,92,2025-05-22 01:33:00,Purchase,1723.5,27720.07,6,False
792,139,2026-06-27 14:37:00,Purchase,556.36,88752.4,7,False
793,143,2026-06-01 15:44:00,Transfer,659.49,71365.52,3,False
794,141,2025-12-22 06:38:00,Transfer,272.9,78796.31,10,False
795,4,2026-07-16 05:00:00,Deposit,145.93,14398.91,3,False
796,179,2026-03-07 15:58:00,Withdrawal,689.7,54882.63,2,False
797,130,2025-12-29 03:20:00,Purchase,1487.6,60112.99,9,False
798,120,2025-08-18 01:40:00,Withdrawal,1074.2,46076.17,6,False
799,33,2025-12-27 00:59:00,Deposit,26.15,68806.06,11,False
800,144,2025-01-09 05:00:00,Transfer,119.35,96739.61,12,False
801,185,2026-08-30 01:39:00,Purchase,495.51,44239.81,4,False
802,80,2025-02-24 13:15:00,Deposit,216.64,3462.11,11,False
803,4,2026-04-12 16:46:00,Deposit,565.4,14629.08,9,False
804,102,2026-03-11 14:24:00,Deposit,2578.04,61154.44,9,False
805,107,2025-09-25 16:50:00,Purchase,1024.0,44958.1,9,False
806,130,2025-08-05 04:34:00,Withdrawal,146.79,60499.09,11,False
807,219,2025-12-14 17:09:00,Withdrawal,2062.4,71649.83,1,False
808,139,2025-10-27 16:05:00,Purchase,36.4,88711.53,1,False
809,264,2025-11-19 17:16:00,Withdrawal,648.74,68840.6,8,False
810,60,2026-02-05 06:19:00,Purchase,3350.97,85730.12,8,False
811,4,2025-06-28 19:08:00,Purchase,415.48,14528.72,9,False
812,125,2025-04-16 12:41:00,Purchase,646.0,4335.56,5,False
813,195,2025-07-07 08:24:00,Withdrawal,334.75,9503.26,4,False
814,150,2025-07-01 10:35:00,Deposit,14082.84,39750.1,9,True
815,256,2025-04-28 19:16:00,Purchase,110.17,22645.8,12,False
816,218,2026-03-09 02:26:00,Deposit,337.73,89746.86,3,False
817,106,2026-07-05 01:41:00,Purchase,114.08,38437.15,12,False
818,5,2025-08-05 23:16:00,Withdrawal,13786.76,40352.64,10,True
819,48,2025-04-22 08:14:00,Transfer,282.74,94046.43,11,False
820,90,2025-08-02 01:07:00,Deposit,180.75,76858.16,3,False
821,106,2026-06-28 03:26:00,Transfer,1556.06,37286.67,5,False
822,229,2025-12-28 03:35:00,Transfer,2270.96,46229.86,9,False
823,176,2026-08-11 07:58:00,Withdrawal,523.54,39546.22,4,False
824,12,2025-10-06 04:34:00,Deposit,525.06,68810.05,6,False
825,41,2025-08-27 07:24:00,Transfer,117.34,92762.24,8,False
826,216,2025-08-19 15:52:00,Deposit,403.45,83850.53,6,False
827,261,2025-03-05 23:54:00,Withdrawal,431.82,32457.16,9,False
828,140,2025-08-02 04:46:00,Withdrawal,83.38,55547.83,4,False
829,269,2025-04-28 12:54:00,Withdrawal,112.76,17186.67,6,False
830,231,2026-08-08 01:12:00,Withdrawal,1440.96,82066.54,8,False
831,236,2025-11-06 20:34:00,Purchase,61.15,76399.38,3,False
832,72,2025-03-14 18:15:00,Withdrawal,464.66,28632.54,5,False
833,79,2026-06-29 07:13:00,Withdrawal,76.75,12041.42,1,False
834,160,2025-06-27 00:05:00,Transfer,3599.47,66651.53,7,False
835,232,2025-06-23 01:23:00,Deposit,11.87,73140.94,11,False
836,37,2025-05-12 15:36:00,Transfer,399.32,77616.3,10,False
837,132,2025-08-11 00:10:00,Purchase,1815.77,8024.77,1,False
838,170,2025-01-27 20:47:00,Deposit,351.4,60633.01,4,False
839,103,2025-11-15 19:35:00,Purchase,737.27,74073.12,7,False
840,173,2026-04-12 10:39:00,Purchase,412.79,91703.59,7,False
841,244,2026-06-07 07:04:00,Withdrawal,127.14,9237.59,10,False
842,145,2025-04-02 22:42:00,Deposit,452.07,75666.78,4,False
843,165,2026-03-21 16:13:00,Withdrawal,1516.5,48104.65,10,False
844,112,2025-01-04 01:55:00,Withdrawal,163.64,73819.74,2,False
845,233,2025-07-05 17:31:00,Transfer,842.85,96271.71,8,False
846,205,2026-01-11 14:34:00,Deposit,481.79,73895.69,3,False
847,149,2025-04-02 09:14:00,Withdrawal,1789.0,36383.41,2,False
848,207,2025-07-06 02:28:00,Purchase,1758.52,84519.88,7,False
849,93,2026-08-02 17:45:00,Deposit,1327.46,26939.34,10,False
850,177,2025-01-18 07:33:00,Deposit,492.21,80789.56,5,False
851,23,2025-03-13 21:31:00,Purchase,1149.63,71763.23,10,False
852,98,2025-10-06 20:13:00,Transfer,849.51,55786.7,5,False
853,128,2026-05-09 19:55:00,Deposit,802.7,75081.95,9,False
854,99,2025-01-28 16:29:00,Purchase,266.06,78205.69,7,False
855,118,2025-10-17 18:21:00,Withdrawal,37.38,10368.74,3,False
856,88,2025-04-16 18:59:00,Deposit,233.87,42203.32,1,False
857,21,2025-07-31 06:48:00,Transfer,175.55,46186.34,4,False
858,175,2026-01-20 10:55:00,Transfer,15.3,25860.93,9,False
859,98,2025-01-10 03:24:00,Purchase,4495.92,55381.1,1,False
860,90,2025-05-31 00:29:00,Deposit,224.44,77021.76,11,False
861,79,2026-03-28 00:40:00,Transfer,35.7,12006.27,8,False
862,177,2025-05-05 13:39:00,Deposit,990.75,80517.46,7,False
863,77,2025-10-19 05:52:00,Deposit,350.79,37518.73,2,False
864,43,2025-12-12 15:44:00,Purchase,512.57,70776.17,7,False
865,160,2025-04-19 04:23:00,Transfer,1558.63,66717.94,1,False
866,125,2026-02-02 03:31:00,Transfer,1637.81,3439.51,8,False
867,19,2025-01-20 04:52:00,Withdrawal,547.99,3583.23,2,False
868,43,2026-01-01 12:07:00,Withdrawal,33.32,70413.21,4,False
869,236,2025-07-02 07:18:00,Transfer,387.59,76097.07,3,False
870,109,2025-06-04 17:10:00,Purchase,944.29,71394.07,3,False
871,105,2025-02-23 13:57:00,Deposit,705.4,7788.32,3,False
872,105,2026-05-21 21:43:00,Transfer,1519.5,7413.63,9,False
873,253,2025-12-15 09:27:00,Deposit,255.14,37128.73,5,False
874,231,2025-05-13 02:35:00,Purchase,138.36,82151.63,5,False
875,255,2025-09-08 18:12:00,Deposit,209.6,99557.38,8,False
876,261,2025-12-19 12:02:00,Deposit,4245.02,29597.14,12,False
877,29,2026-08-20 12:59:00,Withdrawal,211.93,57154.21,6,False
878,45,2025-04-04 02:13:00,Purchase,573.43,57889.88,6,False
879,32,2025-11-27 09:30:00,Deposit,3338.43,32045.0,4,False
880,126,2026-07-21 16:50:00,Purchase,919.03,35539.62,9,False
881,184,2025-06-04 19:25:00,Transfer,949.9,87808.54,11,False
882,143,2025-12-16 06:55:00,Transfer,1778.85,70951.59,11,False
883,147,2025-09-04 22:30:00,Withdrawal,1225.53,55362.05,4,False
884,182,2025-10-09 09:38:00,Withdrawal,141.48,13730.85,6,False
885,61,2026-04-28 14:21:00,Transfer,189.49,79105.81,9,False
886,262,2025-11-14 03:07:00,Purchase,338.27,60172.65,7,False
887,250,2025-08-17 12:20:00,Purchase,244.47,89917.15,12,False
888,76,2026-02-17 13:00:00,Purchase,235.93,24449.39,4,False
889,45,2025-03-21 20:08:00,Withdrawal,1112.08,56702.47,4,False
890,104,2026-08-11 17:25:00,Withdrawal,103.71,60829.96,12,False
891,39,2025-03-02 23:46:00,Purchase,337.28,82198.97,2,False
892,37,2025-07-06 04:09:00,Deposit,2440.4,79824.73,8,False
893,122,2025-09-30 23:20:00,Deposit,19.39,36795.88,6,False
894,105,2026-01-24 14:41:00,Withdrawal,1214.95,8049.12,4,False
895,133,2025-06-08 10:53:00,Transfer,936.28,30105.78,3,False
896,101,2026-07-22 17:50:00,Purchase,871.56,67232.99,2,False
897,40,2025-07-29 14:59:00,Transfer,647.89,75606.78,7,False
898,39,2026-06-05 23:31:00,Withdrawal,2590.4,82208.67,2,False
899,42,2026-07-29 00:37:00,Transfer,457.32,55164.16,2,False
900,100,2025-11-19 08:14:00,Deposit,1330.28,69385.71,1,False
901,18,2025-04-08 17:01:00,Withdrawal,932.81,52725.73,7,False
902,152,2025-07-30 14:34:00,Withdrawal,450.11,4409.09,10,False
903,188,2026-07-24 13:24:00,Withdrawal,1839.47,5246.31,9,False
904,94,2026-01-15 12:25:00,Withdrawal,1485.79,84837.13,11,False
905,17,2025-03-13 08:17:00,Withdrawal,1498.96,52355.73,8,False
906,237,2025-01-31 23:09:00,Withdrawal,215.76,77533.26,9,False
907,175,2025-03-28 14:31:00,Deposit,2381.81,27553.42,10,False
908,10,2026-07-17 15:03:00,Purchase,1184.26,93212.53,5,False
909,105,2025-07-29 13:32:00,Purchase,2526.92,5621.27,3,False
910,70,2025-11-25 16:13:00,Purchase,1492.66,12641.97,6,False
911,134,2026-01-27 07:00:00,Withdrawal,1237.15,4298.24,12,False
912,21,2025-08-17 13:41:00,Withdrawal,1316.13,46959.72,10,False
913,89,2026-03-06 12:29:00,Deposit,1522.81,1288.98,12,False
914,255,2025-08-14 18:27:00,Deposit,2940.0,97164.13,5,False
915,210,2026-08-18 14:01:00,Transfer,1143.49,47033.22,8,False
916,126,2025-11-30 08:39:00,Purchase,1043.81,36719.44,10,False
917,230,2026-01-11 04:40:00,Purchase,97.25,7949.87,12,False
918,70,2026-01-16 21:37:00,Deposit,1308.1,12859.2,8,False
919,134,2025-03-24 13:18:00,Transfer,837.44,4156.64,12,False
920,136,2025-07-03 12:37:00,Transfer,393.69,60827.32,11,False
921,6,2025-02-17 11:12:00,Deposit,1276.15,75773.78,5,False
922,225,2026-08-04 14:47:00,Transfer,235.67,75086.22,4,False
923,160,2025-03-06 09:52:00,Transfer,1538.15,69397.94,12,False
924,126,2026-08-27 02:35:00,Withdrawal,269.51,35873.88,8,False
925,104,2025-05-27 08:36:00,Withdrawal,390.79,61143.13,4,False
926,238,2025-10-07 12:26:00,Transfer,141.55,36156.76,8,False
927,87,2026-02-21 06:57:00,Deposit,1009.16,12425.37,3,False
928,155,2026-02-26 17:45:00,Deposit,532.89,22949.53,5,False
929,217,2026-03-28 21:52:00,Purchase,75.19,54546.5,8,False
930,17,2025-02-05 22:39:00,Transfer,764.07,51541.82,2,False
931,232,2026-01-05 19:17:00,Transfer,523.42,73313.58,6,False
932,122,2026-04-26 22:54:00,Transfer,1537.62,37306.64,2,False
933,256,2025-08-27 23:30:00,Deposit,1697.0,23027.74,11,False
934,202,2026-07-24 08:27:00,Purchase,18.49,57587.78,11,False
935,263,2026-07-16 03:14:00,Transfer,127.58,71337.08,7,False
936,21,2025-01-28 21:43:00,Purchase,2098.25,47372.37,5,False
937,149,2025-12-12 21:59:00,Withdrawal,1661.25,36289.82,1,False
938,111,2025-08-08 09:50:00,Transfer,655.88,72975.12,2,False
939,115,2025-03-10 09:03:00,Purchase,647.58,47690.64,8,False
940,141,2025-02-20 06:47:00,Withdrawal,1030.03,79742.11,12,False
941,158,2025-05-06 06:49:00,Deposit,673.96,12370.25,8,False
942,151,2025-05-10 08:10:00,Deposit,167.07,95459.91,7,False
943,105,2025-07-07 01:12:00,Transfer,213.61,7348.33,6,False
944,269,2026-04-17 14:41:00,Withdrawal,1203.81,17050.73,3,False
945,51,2026-06-01 10:22:00,Withdrawal,17.33,12528.4,2,False
946,132,2025-06-25 19:00:00,Purchase,2766.58,7140.2,10,False
947,211,2026-03-13 01:54:00,Purchase,621.85,53226.12,11,False
948,109,2025-10-01 10:53:00,Transfer,633.64,71769.98,9,False
949,261,2026-06-21 02:26:00,Purchase,340.06,32811.21,2,False
950,29,2025-08-30 13:12:00,Withdrawal,1699.99,55782.33,2,False
951,86,2026-04-01 22:01:00,Transfer,823.9,97721.49,8,False
952,165,2025-09-29 22:42:00,Deposit,80.64,48006.65,3,False
953,70,2025-03-28 02:18:00,Withdrawal,1074.32,13347.16,9,False
954,131,2025-07-03 22:44:00,Transfer,95.11,737.36,10,False
955,111,2025-11-30 02:59:00,Withdrawal,455.0,73421.8,2,False
956,95,2025-09-28 09:43:00,Purchase,585.68,64803.42,9,False
957,209,2025-03-08 17:27:00,Transfer,1011.53,22799.14,11,False
958,262,2025-12-18 09:44:00,Purchase,490.55,60561.33,3,False
959,15,2025-05-30 07:44:00,Purchase,2390.78,68261.09,9,False
960,105,2025-05-25 21:56:00,Withdrawal,646.33,7496.35,2,False
961,5,2025-05-10 10:41:00,Purchase,2338.47,41763.23,8,False
962,29,2026-07-19 20:11:00,Purchase,109.95,57173.19,10,False
963,96,2025-12-29 01:09:00,Deposit,396.03,47091.27,10,False
964,233,2025-09-21 23:08:00,Purchase,134.09,96067.06,4,False
965,206,2025-08-07 07:36:00,Withdrawal,1935.65,17020.59,6,False
966,128,2025-02-18 03:36:00,Transfer,586.24,75934.61,2,False
967,182,2025-07-04 13:15:00,Withdrawal,142.47,13771.96,10,False
968,104,2025-09-20 15:02:00,Withdrawal,271.54,60702.99,11,False
969,242,2026-07-13 02:36:00,Withdrawal,949.45,45454.56,7,False
970,241,2025-07-24 06:28:00,Deposit,456.23,82183.61,12,False
971,144,2025-07-09 05:43:00,Withdrawal,340.33,96732.94,6,False
972,35,2025-11-18 11:11:00,Withdrawal,474.38,62161.64,9,False
973,42,2025-07-23 10:50:00,Withdrawal,1868.18,56833.91,4,False
974,181,2026-02-05 10:29:00,Deposit,3367.81,35653.64,9,False
975,96,2025-07-21 12:47:00,Deposit,49.74,47418.3,7,False
976,99,2026-05-23 23:19:00,Purchase,1134.87,78588.14,12,False
977,115,2025-12-16 12:53:00,Withdrawal,170.81,47683.0,12,False
978,188,2026-03-18 19:19:00,Deposit,890.61,5256.48,8,False
979,35,2026-05-29 05:38:00,Purchase,177.52,61934.29,6,False
980,113,2025-12-06 01:16:00,Withdrawal,428.12,22153.37,2,False
981,151,2025-10-22 08:44:00,Transfer,61.4,95572.09,11,False
982,46,2025-08-27 04:16:00,Purchase,947.54,53745.97,11,False
983,224,2025-02-17 19:20:00,Transfer,579.71,30906.37,10,False
984,131,2026-05-11 21:33:00,Deposit,1758.4,1226.94,12,False
985,12,2025-11-16 04:45:00,Withdrawal,1436.31,70375.57,6,False
986,221,2025-11-21 07:46:00,Purchase,713.58,5866.52,4,False
987,113,2025-01-07 09:03:00,Deposit,318.39,22458.04,10,False
988,20,2025-07-23 17:15:00,Withdrawal,1049.57,68688.77,3,False
989,120,2025-01-30 11:00:00,Transfer,476.87,45170.75,3,False
990,56,2026-01-20 11:05:00,Deposit,158.0,26966.69,5,False
991,196,2025-02-19 07:37:00,Deposit,42.68,1542.86,8,False
992,194,2026-03-24 09:58:00,Deposit,398.06,63488.67,3,False
993,215,2025-08-04 17:43:00,Withdrawal,1721.72,100293.46,1,False
994,173,2025-04-18 03:12:00,Deposit,669.38,91991.18,4,False
995,69,2025-10-09 13:38:00,Withdrawal,618.4,51008.13,10,False
996,60,2025-09-30 15:03:00,Withdrawal,227.71,85133.98,6,False
997,132,2025-12-24 15:19:00,Deposit,807.78,8652.54,5,False
998,134,2025-09-10 08:02:00,Deposit,1408.62,3917.09,5,False
999,59,2026-02-26 15:17:00,Deposit,963.45,5907.02,1,False
1000,265,2026-08-06 06:50:00,Deposit,957.56,75401.74,3,False
1001,135,2025-09-22 06:08:00,Withdrawal,268.25,75587.94,1,False
1002,108,2026-04-28 02:58:00,Purchase,1852.26,25351.51,6,False
1003,214,2025-11-18 10:20:00,Transfer,1862.71,47566.04,6,False
1004,244,2025-11-11 10:46:00,Withdrawal,596.82,9368.25,9,False
1005,131,2025-07-06 07:48:00,Transfer,1425.95,0,5,False
1006,119,2026-07-10 03:29:00,Purchase,400.58,95181.73,5,False
1007,257,2026-05-30 02:23:00,Withdrawal,980.84,21609.47,11,False
1008,210,2025-03-18 09:42:00,Withdrawal,1408.02,47209.63,3,False
1009,217,2025-08-29 18:56:00,Transfer,273.97,54419.08,12,False
1010,121,2025-03-24 12:54:00,Transfer,1303.74,12431.72,10,False
1011,155,2025-08-08 07:14:00,Transfer,266.68,22441.88,3,False
1012,158,2025-12-24 17:11:00,Purchase,1395.63,12558.57,8,False
1013,226,2026-08-13 23:44:00,Transfer,1224.32,18339.33,9,False
1014,189,2026-06-29 22:21:00,Purchase,108.32,8901.37,12,False
1015,106,2025-03-17 09:31:00,Withdrawal,92.65,38425.34,10,False
1016,113,2025-03-09 00:18:00,Withdrawal,1441.99,21564.52,6,False
1017,128,2025-07-06 14:52:00,Withdrawal,337.78,75787.37,11,False
1018,78,2025-03-20 18:55:00,Withdrawal,1552.29,10042.9,12,False
1019,162,2025-12-02 15:13:00,Deposit,1317.58,7051.74,3,False
1020,211,2025-11-13 16:17:00,Deposit,343.25,53021.22,1,False
1021,227,2026-02-14 22:50:00,Withdrawal,599.71,21944.42,7,False
1022,125,2025-06-30 02:06:00,Withdrawal,366.95,3640.12,1,False
1023,68,2025-06-01 08:35:00,Purchase,654.91,95867.7,12,False
1024,104,2025-04-24 03:37:00,Deposit,1000.96,60233.99,8,False
1025,28,2025-11-20 14:17:00,Purchase,383.99,35193.4,11,False
1026,108,2025-10-26 14:39:00,Deposit,177.98,25381.1,11,False
1027,93,2025-05-30 03:21:00,Withdrawal,248.7,26049.43,7,False
1028,83,2025-11-06 01:02:00,Purchase,1316.13,47640.84,7,False
1029,9,2026-01-23 07:33:00,Transfer,2185.28,1635.22,7,False
1030,2,2026-05-01 13:42:00,Purchase,1381.21,67341.45,12,False
1031,235,2026-01-08 00:10:00,Deposit,1179.35,80073.15,7,False
1032,131,2025-05-14 19:30:00,Withdrawal,715.09,102.08,7,False
1033,2,2025-09-02 11:22:00,Transfer,24.1,68123.09,11,False
1034,75,2026-01-05 03:41:00,Withdrawal,2158.63,31997.32,8,False
1035,112,2026-08-02 08:20:00,Withdrawal,614.18,74001.09,1,False
1036,238,2026-04-06 17:02:00,Transfer,1282.87,37542.56,12,False
1037,179,2025-03-17 08:59:00,Deposit,30.24,54458.12,12,False
1038,244,2026-05-17 14:18:00,Deposit,124.78,9311.31,3,False
1039,15,2025-10-23 19:23:00,Purchase,1468.59,69283.74,8,False
1040,59,2026-06-14 09:48:00,Purchase,337.37,6164.54,6,False
1041,134,2026-07-30 22:44:00,Withdrawal,207.48,4357.25,12,False
1042,63,2025-04-18 02:12:00,Purchase,645.28,11494.02,7,False
1043,40,2026-04-10 06:37:00,Withdrawal,492.75,75561.07,6,False
1044,53,2026-05-20 16:30:00,Purchase,1007.18,32824.93,3,False
1045,71,2025-03-21 12:59:00,Deposit,1613.61,12474.04,8,False
1046,127,2025-12-31 10:51:00,Transfer,893.14,73689.6,1,False
1047,66,2026-08-12 05:59:00,Purchase,548.92,68144.9,4,False
1048,211,2025-12-09 00:27:00,Withdrawal,143.44,52787.43,5,False
1049,99,2026-03-29 09:50:00,Transfer,63.51,78026.66,11,False
1050,136,2025-12-01 20:45:00,Deposit,449.92,60489.79,2,False
1051,63,2025-11-03 11:35:00,Purchase,1476.65,12076.68,7,False
1052,177,2026-01-29 22:39:00,Purchase,915.96,80789.74,6,False
1053,94,2025-03-27 23:23:00,Transfer,1943.67,84353.7,10,False
1054,175,2025-06-27 01:20:00,Transfer,1174.45,26599.17,12,False
1055,225,2025-05-07 21:34:00,Withdrawal,2568.87,75593.96,1,False
1056,10,2025-07-16 11:14:00,Transfer,365.36,92907.52,10,False
1057,72,2026-01-18 09:01:00,Transfer,794.43,28070.86,10,False
1058,182,2025-06-27 06:30:00,Withdrawal,1191.11,14566.77,7,False
1059,265,2026-01-30 22:57:00,Deposit,1001.92,75510.25,7,False
1060,237,2025-09-23 14:39:00,Transfer,338.01,77219.13,2,False
1061,33,2025-12-04 00:14:00,Deposit,1078.35,68021.53,4,False
1062,267,2025-04-04 13:31:00,Purchase,1502.9,54297.05,5,False
1063,220,2025-03-03 16:06:00,Transfer,81.56,61939.78,4,False
1064,253,2026-08-19 19:40:00,Withdrawal,342.0,37514.57,6,False
1065,172,2026-01-02 06:41:00,Withdrawal,505.26,68777.63,6,False
1066,97,2025-01-11 17:57:00,Transfer,714.54,46431.91,2,False
1067,8,2026-07-19 15:09:00,Deposit,212.41,71536.93,10,False
1068,222,2025-02-09 18:30:00,Withdrawal,1075.11,63418.32,11,False
1069,47,2026-01-29 04:25:00,Withdrawal,175.51,16479.46,8,False
1070,26,2026-02-10 11:45:00,Deposit,88.91,48399.68,11,False
1071,48,2025-11-23 18:07:00,Purchase,713.97,94026.32,3,False
1072,110,2025-02-18 12:32:00,Transfer,240.79,21380.11,8,False
1073,53,2026-02-16 12:20:00,Purchase,4217.01,33291.88,7,False
1074,125,2025-12-16 14:31:00,Withdrawal,785.4,3258.32,6,False
1075,210,2025-10-05 22:21:00,Transfer,427.79,46919.4,10,False
1076,146,2025-07-24 18:05:00,Deposit,1546.45,64953.34,10,False
1077,60,2026-05-17 06:34:00,Transfer,437.92,84986.73,1,False
1078,90,2026-01-09 06:04:00,Withdrawal,1522.91,76057.59,5,False
1079,100,2026-08-21 00:11:00,Transfer,474.64,68573.21,7,False
1080,121,2025-06-26 07:37:00,Deposit,569.37,11418.37,4,False
1081,176,2025-07-29 21:35:00,Purchase,6067.16,36560.9,6,False
1082,27,2025-04-08 12:03:00,Withdrawal,179.79,41172.89,9,False
1083,253,2026-03-27 05:29:00,Purchase,318.29,37455.6,10,False
1084,220,2025-10-02 10:32:00,Purchase,1499.73,62348.49,3,False
1085,41,2026-05-05 20:38:00,Transfer,803.46,92822.51,11,False
1086,229,2025-02-12 11:59:00,Transfer,208.13,45535.44,2,False
1087,173,2025-12-26 13:41:00,Purchase,536.4,91883.13,3,False
1088,72,2025-07-03 12:12:00,Transfer,846.78,28782.89,11,False
1089,204,2025-12-06 08:13:00,Withdrawal,1618.31,62363.98,3,False
1090,102,2025-07-27 13:42:00,Deposit,19965.31,57957.48,8,True
1091,262,2025-05-15 18:33:00,Withdrawal,2335.98,60342.31,5,False
1092,180,2025-10-20 06:31:00,Transfer,699.7,30352.85,5,False
1093,136,2025-06-28 22:05:00,Deposit,780.17,61510.27,12,False
1094,43,2025-07-23 17:46:00,Withdrawal,363.87,70388.88,7,True
1095,96,2026-03-26 22:36:00,Purchase,302.74,47352.81,3,False
1096,251,2025-02-04 19:53:00,Transfer,67.26,78267.33,4,False
1097,254,2026-01-13 00:24:00,Deposit,158.97,18104.01,3,False
1098,87,2025-07-10 18:12:00,Withdrawal,1169.33,11291.45,12,False
1099,5,2026-03-24 09:10:00,Withdrawal,155.49,42927.72,10,False
1100,29,2026-06-23 18:41:00,Deposit,788.38,56617.14,3,True
1101,144,2026-06-03 23:07:00,Deposit,69.93,96724.07,7,False
1102,13,2026-07-13 17:51:00,Purchase,712.57,75113.5,6,False
1103,262,2025-02-18 08:31:00,Transfer,27.08,60323.27,5,False
1104,205,2026-02-08 14:02:00,Deposit,533.56,73478.32,4,False
1105,207,2025-06-07 13:44:00,Purchase,105.78,83415.46,7,False
1106,201,2026-05-25 20:33:00,Purchase,492.82,57839.53,2,False
1107,266,2026-02-03 10:01:00,Withdrawal,2119.34,78161.07,6,False
1108,214,2025-11-19 11:11:00,Purchase,353.22,49034.43,3,False
1109,154,2026-05-01 06:52:00,Deposit,797.85,27043.92,8,False
1110,51,2026-06-03 16:41:00,Purchase,59.58,12564.4,9,False
1111,127,2026-08-24 08:28:00,Withdrawal,516.04,73114.71,12,False
1112,113,2025-06-23 21:25:00,Withdrawal,84.15,22408.66,7,False
1113,147,2026-06-18 15:35:00,Purchase,1124.0,54331.23,8,False
1114,62,2025-06-15 07:04:00,Withdrawal,1596.22,93145.8,12,False
1115,223,2026-08-26 04:20:00,Withdrawal,2681.57,19771.0,4,False
1116,199,2025-10-08 20:07:00,Deposit,1073.83,53954.59,3,False
1117,39,2025-09-10 20:20:00,Transfer,591.28,82548.38,1,False
1118,14,2026-06-25 21:05:00,Deposit,45.08,25189.09,6,False
1119,204,2025-03-27 22:15:00,Withdrawal,809.97,63393.19,7,False
1120,137,2025-09-12 00:13:00,Purchase,97.89,77862.37,7,False
1121,262,2025-03-23 03:11:00,Deposit,406.2,60363.64,7,False
1122,248,2026-01-11 04:34:00,Transfer,70.35,22717.2,6,False
1123,52,2026-07-22 15:38:00,Deposit,487.81,27134.7,11,False
1124,136,2025-06-22 10:42:00,Purchase,2193.74,60522.14,10,False
1125,254,2026-07-06 21:05:00,Deposit,407.92,18014.27,6,False
1126,260,2025-02-11 10:59:00,Deposit,39.5,14716.56,3,False
1127,238,2025-09-14 04:38:00,Purchase,1155.98,35669.7,4,False
1128,97,2026-03-30 22:13:00,Withdrawal,149.33,46544.45,2,False
1129,163,2025-05-25 00:07:00,Withdrawal,509.42,44731.46,8,False
1130,177,2026-01-31 12:51:00,Transfer,623.81,81509.92,7,False
1131,114,2026-02-10 04:51:00,Withdrawal,856.12,44061.33,3,False
1132,86,2025-10-02 04:05:00,Deposit,3709.2,95496.32,8,True
1133,216,2026-06-14 20:39:00,Transfer,1398.75,82852.1,6,False
1134,267,2026-08-27 04:54:00,Purchase,1176.94,52922.13,2,False
1135,26,2026-07-06 09:19:00,Transfer,757.55,48400.78,11,False
1136,69,2026-02-08 10:50:00,Deposit,1116.33,51924.87,8,False
1137,133,2025-06-16 05:44:00,Deposit,760.18,29246.61,12,False
1138,46,2026-05-17 13:08:00,Deposit,603.44,53895.32,11,False
1139,76,2025-11-15 01:34:00,Deposit,31.38,24517.63,8,False
1140,104,2026-08-06 02:45:00,Withdrawal,1262.85,62130.04,12,False
1141,262,2025-12-22 13:39:00,Deposit,665.64,59819.94,6,False
1142,252,2026-07-24 20:05:00,Transfer,553.44,39280.52,2,False
1143,128,2025-10-01 13:50:00,Deposit,3031.34,73604.07,5,False
1144,170,2025-02-21 20:11:00,Deposit,1397.36,60420.92,4,False
1145,215,2026-01-16 16:29:00,Deposit,341.11,99924.6,4,False
1146,164,2026-01-16 18:07:00,Withdrawal,335.11,75353.17,4,False
1147,61,2025-01-26 01:38:00,Withdrawal,2747.57,76709.45,11,False
1148,23,2026-01-29 04:15:00,Purchase,375.16,71459.22,11,False
1149,150,2025-05-25 05:45:00,Purchase,733.28,40564.15,6,False
1150,101,2025-09-07 18:50:00,Transfer,256.22,67437.53,10,False
1151,216,2025-03-18 08:31:00,Deposit,2734.86,84213.21,10,False
1152,42,2025-04-19 06:26:00,Deposit,961.24,55998.04,1,False
1153,3,2025-11-17 04:22:00,Purchase,863.61,25144.84,9,False
1154,158,2025-08-31 13:41:00,Purchase,170.22,12335.32,3,False
1155,165,2026-04-28 15:25:00,Deposit,772.63,47331.77,6,False
1156,117,2025-04-10 00:40:00,Withdrawal,59.99,66112.88,2,False
1157,31,2026-06-11 19:05:00,Transfer,763.95,41794.38,12,False
1158,20,2026-05-13 04:43:00,Purchase,264.59,68199.99,10,False
1159,123,2025-04-06 12:14:00,Withdrawal,527.67,87827.13,3,False
1160,2,2025-07-15 19:37:00,Transfer,51.26,68132.8,12,False
1161,38,2025-10-17 11:37:00,Transfer,88.62,42041.24,7,False
1162,25,2026-06-15 16:54:00,Transfer,549.79,47373.5,11,False
1163,134,2026-02-25 18:05:00,Purchase,2139.17,4676.14,12,False
1164,148,2025-10-07 10:18:00,Transfer,75.22,36036.46,7,False
1165,233,2026-04-02 06:52:00,Withdrawal,397.58,96533.56,3,False
1166,150,2026-04-23 02:00:00,Purchase,134.8,40678.62,4,False
1167,120,2026-08-23 03:33:00,Withdrawal,1039.79,45079.77,6,False
1168,209,2026-06-13 21:58:00,Withdrawal,1054.63,21565.61,2,False
1169,224,2025-04-25 05:14:00,Purchase,493.27,30804.7,3,False
1170,139,2025-09-04 04:08:00,Transfer,352.08,88983.07,3,False
1171,1,2026-03-20 12:29:00,Purchase,236.75,75112.74,11,False
1172,195,2025-02-14 16:34:00,Withdrawal,3189.04,7356.59,4,False
1173,149,2025-09-18 12:11:00,Purchase,1181.57,34126.69,1,False
1174,248,2026-03-25 23:59:00,Purchase,973.11,21911.11,7,False
1175,38,2025-05-07 01:43:00,Purchase,186.24,41934.59,4,False
1176,164,2025-05-22 15:33:00,Withdrawal,1863.76,76183.23,8,False
1177,42,2026-06-11 16:01:00,Purchase,414.86,54955.22,10,False
1178,12,2025-01-22 07:29:00,Deposit,2256.47,68406.06,7,False
1179,223,2025-03-23 20:02:00,Withdrawal,300.09,22149.62,11,False
1180,104,2025-05-16 18:31:00,Withdrawal,1116.94,60156.98,11,False
1181,68,2025-04-18 13:55:00,Withdrawal,554.56,96957.04,2,False
1182,251,2025-11-23 17:07:00,Purchase,424.81,78367.62,2,False
1183,141,2025-12-27 01:56:00,Withdrawal,731.17,78661.72,1,False
1184,67,2025-11-30 11:56:00,Transfer,863.95,61002.64,3,False
1185,131,2026-04-10 12:58:00,Withdrawal,1246.14,1740.26,9,False
1186,176,2025-03-27 11:50:00,Purchase,5437.2,36283.52,10,False
1187,11,2025-10-31 16:51:00,Withdrawal,1123.35,45048.24,11,False
1188,20,2026-04-30 21:53:00,Deposit,605.49,68921.3,12,False
1189,170,2025-09-03 02:41:00,Purchase,85.21,60600.63,1,False
1190,213,2025-04-29 05:21:00,Transfer,982.83,62700.41,7,False
1191,65,2026-05-17 17:05:00,Transfer,440.07,19970.51,3,False
1192,100,2025-11-09 15:00:00,Transfer,1058.46,69748.03,4,False
1193,90,2025-01-12 09:09:00,Deposit,1496.27,77092.84,1,False
1194,120,2026-07-28 04:36:00,Deposit,1954.51,46119.53,9,False
1195,245,2026-07-27 05:50:00,Withdrawal,768.19,49603.17,5,False
1196,206,2025-10-17 01:18:00,Deposit,4383.66,16608.35,7,False
1197,263,2026-05-04 18:19:00,Purchase,767.97,70790.64,2,False
1198,249,2025-05-22 23:31:00,Withdrawal,982.81,19925.28,9,False
1199,175,2026-03-20 22:44:00,Purchase,47.05,25869.13,9,False
1200,144,2026-02-14 13:05:00,Purchase,2034.06,95865.68,6,False
1201,154,2025-10-20 21:36:00,Deposit,1407.37,25620.49,4,False
1202,139,2025-12-28 22:22:00,Deposit,1227.69,87803.74,11,False
1203,159,2025-12-27 01:51:00,Withdrawal,500.41,26548.06,11,False
1204,6,2025-06-14 02:16:00,Withdrawal,482.22,77138.69,12,False
1205,169,2025-01-23 18:45:00,Transfer,756.6,1897.64,2,False
1206,267,2025-04-12 14:49:00,Withdrawal,3219.87,54477.45,9,False
1207,247,2025-04-06 10:11:00,Purchase,384.78,25679.58,2,False
1208,194,2026-07-07 09:26:00,Transfer,2799.33,64273.77,7,False
1209,18,2026-04-29 04:03:00,Deposit,123.87,52242.92,9,False
1210,177,2025-01-15 05:52:00,Deposit,174.99,81224.18,6,False
1211,41,2025-09-25 13:31:00,Transfer,320.47,93042.73,3,False
1212,238,2025-12-03 19:22:00,Transfer,569.07,36054.24,7,False
1213,105,2025-04-09 00:01:00,Withdrawal,1998.09,8933.99,5,False
1214,82,2025-02-15 21:51:00,Purchase,899.25,56780.02,3,False
1215,176,2026-02-16 10:36:00,Deposit,797.75,40137.39,8,False
1216,223,2025-05-16 11:12:00,Purchase,2376.13,24226.65,12,False
1217,59,2026-05-17 23:53:00,Purchase,433.4,6712.68,8,False
1218,59,2026-07-09 15:17:00,Withdrawal,475.99,6789.9,2,False
1219,9,2026-01-19 17:35:00,Transfer,268.04,3675.58,10,False
1220,190,2025-07-28 00:28:00,Transfer,179.7,13684.63,2,False
1221,137,2026-02-06 13:37:00,Deposit,121.3,77970.08,1,False
1222,72,2025-04-29 18:42:00,Withdrawal,1598.67,29516.59,8,False
1223,195,2025-12-12 13:42:00,Purchase,1798.18,9281.92,4,False
1224,9,2026-03-04 23:53:00,Deposit,538.53,3614.61,6,False
1225,141,2025-01-24 07:37:00,Transfer,60.62,78768.23,3,False
1226,9,2026-06-01 09:09:00,Withdrawal,1255.17,4160.89,8,False
1227,64,2025-01-19 14:23:00,Purchase,26.67,60875.23,9,False
1228,216,2025-09-14 17:16:00,Deposit,462.34,83742.96,10,False
1229,72,2025-02-25 11:54:00,Purchase,3338.05,25527.15,7,False
1230,265,2025-03-04 16:04:00,Transfer,225.76,76089.55,11,False
1231,119,2026-05-28 14:43:00,Purchase,160.26,95109.18,2,False
1232,207,2025-01-15 18:19:00,Transfer,200.98,83629.04,4,False
1233,155,2026-03-02 17:48:00,Withdrawal,151.57,22492.03,2,False
1234,91,2026-04-10 15:40:00,Transfer,955.79,46312.51,12,False
1235,57,2025-08-30 19:01:00,Transfer,379.78,29722.4,3,False
1236,152,2025-09-06 08:08:00,Withdrawal,588.99,4208.67,4,False
1237,169,2025-05-12 13:08:00,Withdrawal,1392.36,3770.06,6,False
1238,95,2026-06-05 07:24:00,Transfer,624.69,65764.94,12,False
1239,145,2026-06-21 08:51:00,Transfer,369.1,75698.3,9,False
1240,83,2026-08-21 16:23:00,Withdrawal,1235.57,45911.39,11,False
1241,181,2026-04-13 03:20:00,Deposit,423.17,38862.02,4,False
1242,235,2025-12-15 22:47:00,Transfer,961.66,80233.87,2,False
1243,64,2026-07-03 10:11:00,Purchase,228.12,60635.71,5,False
1244,168,2026-05-23 21:23:00,Purchase,731.81,91273.43,7,False
1245,146,2025-04-14 05:39:00,Purchase,165.62,65567.57,7,False
1246,194,2025-04-22 08:30:00,Deposit,393.66,64072.99,6,False
1247,101,2025-07-02 18:06:00,Transfer,23221.8,84916.49,6,True
1248,206,2026-01-17 21:08:00,Withdrawal,518.54,17350.72,4,False
1249,192,2025-01-31 06:03:00,Withdrawal,1191.98,87733.79,6,False
1250,235,2026-03-18 20:18:00,Withdrawal,2034.05,79786.99,5,False
1251,189,2025-07-04 06:28:00,Transfer,106.53,8873.54,11,False
1252,143,2025-06-13 08:59:00,Withdrawal,357.33,71734.55,7,False
1253,61,2026-05-04 15:39:00,Deposit,555.68,78825.17,8,False
1254,88,2025-05-01 20:04:00,Withdrawal,1332.38,40939.85,10,False
1255,137,2026-02-22 15:20:00,Transfer,654.82,77959.52,7,False
1256,49,2025-04-06 13:13:00,Transfer,1562.7,51119.28,3,False
1257,133,2025-10-21 08:54:00,Transfer,151.61,29118.97,1,False
1258,99,2026-07-23 08:24:00,Transfer,510.64,77847.27,2,False
1259,74,2025-08-20 03:27:00,Transfer,565.7,16045.5,8,False
1260,204,2026-06-30 01:13:00,Purchase,2012.77,64046.13,6,False
1261,206,2025-02-17 08:49:00,Transfer,7371.2,16731.91,12,True
1262,200,2025-05-02 04:24:00,Withdrawal,20.62,72830.54,12,False
1263,254,2025-03-14 18:12:00,Deposit,331.52,18120.09,9,False
1264,88,2025-02-22 21:36:00,Withdrawal,170.83,42053.6,4,False
1265,71,2026-04-20 17:30:00,Withdrawal,448.68,13763.93,2,False
1266,209,2025-02-18 02:00:00,Withdrawal,14.86,22027.32,2,False
1267,68,2025-07-18 03:53:00,Purchase,527.48,96432.09,11,False
1268,106,2026-01-31 06:50:00,Deposit,776.22,38693.8,12,False
1269,58,2026-04-10 14:21:00,Transfer,1369.06,40661.69,9,False
1270,100,2026-01-27 11:45:00,Purchase,156.78,68785.52,2,False
1271,123,2025-01-30 02:16:00,Deposit,267.22,87659.9,7,False
1272,26,2025-07-01 17:16:00,Deposit,1213.89,47426.71,3,False
1273,153,2025-11-17 03:08:00,Transfer,3550.08,30009.85,1,False
1274,15,2025-03-09 04:57:00,Purchase,696.79,68518.58,5,False
1275,99,2025-12-18 09:29:00,Transfer,27.07,78019.96,4,False
1276,2,2025-08-19 08:31:00,Deposit,436.88,67890.98,6,False
1277,218,2025-05-05 21:22:00,Withdrawal,1084.69,89063.29,12,False
1278,119,2025-03-05 07:30:00,Purchase,711.94,94901.0,12,False
1279,34,2026-01-16 12:30:00,Purchase,2631.22,29433.82,3,False
1280,184,2026-06-27 06:38:00,Deposit,1942.35,86105.84,11,False
1281,195,2026-07-28 15:23:00,Transfer,139.93,9268.18,7,False
1282,75,2025-08-05 00:21:00,Deposit,339.17,33153.95,5,False
1283,230,2026-03-23 13:20:00,Withdrawal,130.46,7920.66,3,False
1284,120,2025-02-14 04:39:00,Purchase,171.81,45285.77,12,False
1285,209,2025-05-27 11:45:00,Purchase,636.21,22659.17,2,False
1286,244,2025-08-31 17:07:00,Transfer,1468.08,8592.54,4,False
1287,50,2026-08-29 15:58:00,Transfer,226.38,98489.7,11,False
1288,195,2025-03-16 00:17:00,Purchase,129.47,9350.31,2,False
1289,221,2026-02-05 08:07:00,Transfer,851.84,5727.69,6,False
1290,228,2025-05-22 18:38:00,Transfer,170.0,64810.75,2,False
1291,15,2025-03-04 13:03:00,Withdrawal,5253.4,72452.11,11,True
1292,213,2026-04-05 11:54:00,Purchase,2166.13,61167.9,7,False
1293,151,2026-07-01 09:37:00,Purchase,466.96,95919.28,1,False
1294,41,2025-05-12 09:48:00,Withdrawal,973.42,92218.49,11,False
1295,253,2026-04-19 08:12:00,Withdrawal,812.52,36983.74,5,False
1296,239,2026-08-24 08:21:00,Deposit,380.98,7047.76,10,False
1297,101,2025-08-05 07:10:00,Transfer,48.11,67254.03,8,False
1298,48,2025-03-28 19:29:00,Transfer,609.75,94389.16,2,False
1299,265,2025-05-05 15:31:00,Purchase,1996.46,76771.78,7,False
1300,224,2026-07-19 07:51:00,Purchase,1706.21,30060.28,5,False
1301,200,2025-04-02 13:51:00,Withdrawal,1570.69,72244.65,12,False
1302,156,2025-12-31 01:09:00,Withdrawal,582.21,69754.55,9,False
1303,93,2025-05-27 19:26:00,Withdrawal,26.84,25907.91,7,False
1304,173,2025-10-22 16:22:00,Transfer,141.76,91538.81,11,False
1305,33,2026-05-04 16:33:00,Transfer,1560.04,67981.08,8,False
1306,198,2025-10-25 15:58:00,Transfer,1828.12,12308.61,4,False
1307,224,2025-10-21 23:11:00,Purchase,1205.15,31086.98,5,False
1308,225,2026-04-15 04:11:00,Withdrawal,1688.51,74439.57,1,False
1309,204,2026-04-09 21:08:00,Transfer,2076.89,64483.63,6,False
1310,116,2026-05-20 08:31:00,Withdrawal,185.34,46102.76,7,False
1311,204,2025-03-04 22:36:00,Purchase,478.39,63320.42,11,False
1312,211,2025-02-27 21:14:00,Purchase,835.97,53697.62,12,False
1313,8,2026-01-14 18:47:00,Purchase,708.28,71061.44,1,False
1314,35,2025-04-09 15:42:00,Deposit,258.98,61876.9,9,False
1315,93,2025-06-04 07:38:00,Withdrawal,259.4,26113.77,4,False
1316,37,2025-08-10 16:18:00,Purchase,2208.96,79340.15,3,False
1317,101,2025-01-03 10:03:00,Transfer,703.82,67305.08,12,False
1318,85,2026-05-09 19:58:00,Withdrawal,372.23,61440.33,6,False
1319,138,2026-07-25 19:05:00,Deposit,121.42,43309.77,11,False
1320,181,2025-03-25 01:05:00,Transfer,90.96,38783.61,3,False
1321,230,2025-05-15 07:49:00,Withdrawal,489.12,7573.54,4,False
1322,129,2026-02-27 01:28:00,Transfer,947.44,57814.76,10,False
1323,37,2026-03-12 22:05:00,Transfer,2180.4,79719.74,4,False
1324,106,2026-05-09 11:45:00,Withdrawal,394.86,38364.9,1,False
1325,143,2025-04-18 13:01:00,Deposit,1080.99,71726.2,10,False
1326,84,2025-01-01 19:56:00,Transfer,351.59,82343.02,6,False
1327,159,2025-09-23 13:30:00,Deposit,246.41,26655.62,8,False
1328,53,2025-11-20 21:31:00,Withdrawal,1494.27,31379.24,3,False
1329,79,2025-12-01 05:08:00,Transfer,20251.08,24208.78,7,True
1330,218,2026-04-24 03:53:00,Deposit,40.25,89637.19,10,False
1331,10,2025-05-17 02:31:00,Deposit,1260.57,92884.14,1,False
1332,29,2026-06-23 11:21:00,Withdrawal,37.51,57183.31,4,False
1333,232,2026-01-17 12:16:00,Transfer,194.27,73238.01,4,False
1334,20,2025-05-13 10:56:00,Purchase,5258.73,70183.52,2,False
1335,93,2025-10-14 03:15:00,Deposit,1707.3,26760.91,5,False
1336,138,2025-04-27 03:18:00,Purchase,589.28,42692.14,11,False
1337,215,2025-11-23 04:00:00,Transfer,1511.97,100837.86,4,False
1338,188,2026-04-03 00:12:00,Withdrawal,1168.84,4449.93,11,False
1339,232,2025-02-22 05:48:00,Purchase,17.14,73155.23,6,False
1340,233,2025-08-17 11:40:00,Purchase,211.8,96156.41,2,False
1341,67,2026-02-05 03:19:00,Withdrawal,720.54,62517.95,5,False
1342,19,2025-10-11 22:08:00,Withdrawal,2577.4,4498.05,9,False
1343,181,2025-02-28 12:09:00,Purchase,345.03,38564.3,10,False
1344,45,2026-01-21 23:22:00,Withdrawal,604.82,57107.4,5,False
1345,172,2025-05-13 04:10:00,Deposit,793.82,69139.1,9,False
1346,207,2026-02-24 03:26:00,Deposit,3635.85,83038.74,8,False
1347,226,2025-05-15 01:36:00,Purchase,126.3,18595.01,4,False
1348,127,2026-03-02 17:09:00,Deposit,396.84,72999.2,8,False
1349,11,2025-03-11 08:53:00,Transfer,749.89,46542.61,11,False
1350,245,2025-09-12 18:53:00,Withdrawal,442.54,50005.05,4,False
1351,119,2026-05-11 13:42:00,Deposit,72.17,95128.8,10,False
1352,196,2026-01-30 22:05:00,Transfer,797.66,1765.24,7,False
1353,261,2025-02-03 03:27:00,Transfer,1194.77,32605.11,6,False
1354,114,2026-08-13 02:26:00,Purchase,521.79,42864.03,9,False
1355,8,2025-05-02 23:00:00,Withdrawal,3409.16,74197.56,5,False
1356,60,2026-02-07 16:58:00,Withdrawal,2617.72,84355.27,2,False
1357,62,2025-02-14 04:47:00,Deposit,259.95,94391.54,1,False
1358,147,2025-08-06 07:21:00,Transfer,189.81,54206.82,10,False
1359,172,2026-05-30 01:31:00,Deposit,335.54,68815.8,5,False
1360,222,2025-04-02 17:03:00,Withdrawal,3177.76,60469.52,5,False
1361,215,2026-01-17 20:29:00,Purchase,352.61,99811.18,5,False
1362,17,2026-03-26 07:52:00,Transfer,541.98,50990.09,11,False
1363,239,2026-01-10 02:18:00,Deposit,197.16,7619.88,7,False
1364,193,2025-04-01 20:36:00,Purchase,823.64,90453.13,6,False
1365,204,2025-08-19 16:01:00,Transfer,729.3,63708.01,11,False
1366,33,2025-12-25 01:20:00,Transfer,1048.18,69595.87,6,False
1367,109,2025-09-20 03:16:00,Purchase,2368.21,70130.22,9,False
1368,259,2025-09-22 20:21:00,Transfer,1670.15,18341.22,10,False
1369,58,2025-08-01 19:22:00,Deposit,794.93,40865.51,10,False
1370,24,2025-12-15 05:37:00,Withdrawal,1544.23,54738.01,9,False
1371,170,2025-07-28 15:36:00,Transfer,122.5,60481.67,10,False
1372,24,2025-11-17 18:35:00,Withdrawal,422.46,53722.08,6,False
1373,233,2026-01-23 09:58:00,Transfer,369.99,95905.31,1,False
1374,195,2025-01-01 07:43:00,Purchase,166.94,9320.2,2,False
1375,260,2025-11-17 23:18:00,Transfer,307.0,14499.75,2,False
1376,80,2026-05-30 23:56:00,Transfer,1913.89,5231.83,6,False
1377,209,2025-06-03 01:01:00,Transfer,26.37,22028.61,1,False
1378,242,2025-05-07 15:31:00,Transfer,1452.48,47143.78,8,False
1379,143,2025-08-06 17:33:00,Transfer,1424.07,73040.78,4,False
1380,80,2025-05-17 04:03:00,Deposit,120.28,3592.04,3,False
1381,193,2025-04-24 23:46:00,Withdrawal,64.99,90954.34,1,False
1382,260,2025-09-13 01:06:00,Purchase,3582.76,16994.62,10,False
1383,126,2025-02-02 16:10:00,Transfer,408.03,36474.39,4,False
1384,92,2025-03-02 03:21:00,Withdrawal,460.53,26566.8,7,False
1385,67,2026-07-28 23:02:00,Transfer,567.09,61375.36,5,False
1386,43,2025-09-09 10:10:00,Purchase,810.34,70138.31,5,False
1387,7,2026-03-10 21:14:00,Transfer,1337.63,88870.51,5,False
1388,256,2025-03-12 11:00:00,Purchase,312.02,22697.52,7,False
1389,7,2026-01-31 03:46:00,Transfer,48.72,88779.08,4,False
1390,267,2025-03-03 15:23:00,Withdrawal,17.78,54022.23,2,False
1391,127,2025-05-01 06:29:00,Purchase,215.62,72765.05,7,False
1392,133,2025-01-22 10:29:00,Withdrawal,132.38,29332.3,3,False
1393,160,2026-01-29 19:48:00,Withdrawal,360.49,68025.79,8,False
1394,34,2025-08-10 00:18:00,Transfer,319.57,29745.11,10,False
1395,134,2026-08-27 17:10:00,Purchase,1843.22,3260.14,1,False
1396,60,2026-03-28 21:26:00,Deposit,563.77,85120.88,11,False
1397,5,2026-03-10 10:27:00,Purchase,128.08,42844.38,4,False
1398,66,2025-09-02 23:09:00,Withdrawal,99.67,68270.4,10,False
1399,12,2026-08-05 17:30:00,Purchase,161.53,69192.14,2,False
1400,125,2025-01-10 13:03:00,Deposit,1286.43,3880.72,1,False
1401,44,2025-01-11 08:25:00,Deposit,398.8,9159.84,6,False
1402,211,2026-07-31 03:24:00,Withdrawal,629.62,52613.15,12,False
1403,15,2025-04-24 04:12:00,Withdrawal,2157.95,68933.3,4,False
1404,30,2026-04-24 21:13:00,Withdrawal,1105.49,72408.13,3,False
1405,170,2025-10-14 11:59:00,Deposit,879.51,60437.03,8,False
1406,236,2025-11-22 03:34:00,Deposit,1373.08,75168.17,11,False
1407,89,2025-06-23 11:35:00,Withdrawal,351.26,2153.37,7,False
1408,215,2025-06-07 06:39:00,Deposit,43.79,99731.67,4,False
1409,176,2025-07-16 19:08:00,Transfer,1398.73,39066.61,11,False
1410,41,2025-10-13 07:46:00,Transfer,366.54,92796.66,3,False
1411,158,2025-07-27 04:16:00,Purchase,820.48,12045.18,9,False
1412,198,2025-02-27 17:55:00,Deposit,234.43,11443.62,7,False
1413,61,2026-08-11 23:36:00,Purchase,327.41,78888.09,9,False
1414,259,2025-05-29 06:09:00,Deposit,270.91,17695.2,4,False
1415,139,2026-06-12 23:02:00,Purchase,2284.92,89588.21,5,False
1416,160,2025-01-30 19:40:00,Withdrawal,1488.73,68190.23,8,False
1417,36,2025-11-21 18:08:00,Transfer,354.07,13269.74,1,False
1418,135,2025-03-30 04:27:00,Withdrawal,1235.61,76385.58,5,False
1419,264,2025-09-30 13:54:00,Purchase,268.24,69330.33,12,False
1420,128,2025-02-28 22:37:00,Withdrawal,1080.2,76196.31,10,False
1421,97,2026-07-21 22:00:00,Deposit,763.02,46092.14,10,False
1422,12,2025-06-24 07:24:00,Withdrawal,2063.29,67223.75,4,True
1423,133,2026-05-03 12:00:00,Transfer,1954.65,27342.04,2,True
1424,13,2026-07-13 18:07:00,Transfer,1546.29,75388.8,11,False
1425,124,2025-02-16 13:30:00,Transfer,34.84,18539.11,9,False
1426,25,2026-04-19 05:59:00,Purchase,114.2,47139.64,11,False
1427,50,2025-06-30 08:40:00,Purchase,2860.82,96043.55,4,False
1428,14,2026-04-30 09:55:00,Transfer,659.57,25055.12,3,False
1429,268,2026-01-26 05:06:00,Withdrawal,201.37,42314.9,4,False
1430,10,2026-08-24 06:40:00,Purchase,222.46,92822.47,6,False
1431,38,2026-02-05 02:00:00,Purchase,151.78,42202.1,9,False
1432,196,2025-12-29 13:16:00,Withdrawal,198.45,1534.5,9,False
1433,91,2025-08-14 23:08:00,Transfer,1045.71,46346.84,9,False
1434,164,2025-02-12 14:58:00,Purchase,200.54,75325.86,5,False
1435,175,2025-01-10 16:27:00,Deposit,1299.97,27084.56,10,False
1436,176,2025-11-03 16:09:00,Purchase,742.38,39254.59,3,False
1437,150,2025-09-28 07:03:00,Transfer,191.85,40454.89,9,False
1438,202,2025-01-18 08:58:00,Transfer,664.87,57502.29,12,False
1439,89,2025-06-01 23:12:00,Transfer,826.7,1482.8,4,False
1440,227,2026-06-01 06:34:00,Withdrawal,202.82,22092.13,5,False
1441,239,2026-03-17 14:23:00,Transfer,2003.03,9427.51,10,False
1442,90,2025-07-26 23:45:00,Purchase,2343.59,76819.98,4,False
1443,63,2025-07-07 21:54:00,Withdrawal,46.13,11267.35,9,False
1444,147,2026-03-10 12:43:00,Withdrawal,220.18,54226.69,7,False
1445,235,2025-08-03 12:32:00,Withdrawal,89.09,81012.24,2,False
1446,92,2026-01-03 22:41:00,Transfer,703.91,27660.19,1,False
1447,180,2025-06-25 11:47:00,Deposit,812.7,30227.16,5,False
1448,56,2025-11-30 18:11:00,Withdrawal,5682.71,32143.0,1,True
1449,140,2025-07-01 11:02:00,Transfer,1076.37,55949.36,10,False
1450,166,2025-11-30 06:22:00,Transfer,784.6,1571.97,9,False
1451,53,2025-01-10 10:01:00,Deposit,520.81,33240.45,5,False
1452,43,2025-06-20 22:13:00,Purchase,946.98,69771.16,5,False
1453,135,2026-06-21 02:16:00,Withdrawal,42.29,75761.2,12,False
1454,164,2026-05-12 09:42:00,Transfer,765.73,74780.86,4,False
1455,29,2025-10-29 10:13:00,Purchase,1623.35,55635.34,12,False
1456,256,2026-08-21 05:38:00,Purchase,470.43,22731.3,7,False
1457,62,2025-08-27 14:52:00,Purchase,734.68,93989.43,9,False
1458,141,2025-03-06 21:48:00,Purchase,381.41,78688.65,10,False
1459,43,2025-08-19 07:38:00,Transfer,747.83,70063.84,12,False
1460,183,2026-06-01 21:40:00,Purchase,3944.96,22070.73,2,False
1461,85,2025-07-04 22:13:00,Withdrawal,576.64,61505.12,10,False
1462,189,2025-12-19 08:33:00,Transfer,1435.58,10253.44,1,True
1463,264,2026-03-10 06:10:00,Transfer,482.84,69417.65,11,False
1464,231,2025-08-01 15:35:00,Withdrawal,162.67,82268.18,12,False
1465,144,2025-01-07 01:09:00,Purchase,5226.0,100942.8,1,True
1466,67,2026-05-13 14:32:00,Deposit,2430.78,61674.51,8,True
1467,151,2025-10-29 22:39:00,Withdrawal,332.05,95800.29,9,False
1468,210,2026-03-15 10:05:00,Withdrawal,120.97,46770.19,6,False
1469,106,2026-06-07 16:58:00,Transfer,1506.0,38493.7,9,False
1470,208,2026-03-27 10:49:00,Deposit,1897.76,51723.97,4,False
1471,42,2026-01-17 02:52:00,Purchase,1593.98,54129.8,3,False
1472,162,2025-08-15 23:38:00,Purchase,717.67,6959.13,3,False
1473,94,2025-12-13 01:22:00,Transfer,325.26,84081.12,1,False
1474,211,2026-07-12 21:03:00,Withdrawal,992.45,53738.51,11,False
1475,268,2025-03-25 07:05:00,Withdrawal,1252.82,41856.53,12,False
1476,12,2025-10-11 00:59:00,Withdrawal,676.38,68855.33,6,False
1477,115,2025-01-18 19:14:00,Transfer,1837.08,47002.81,11,False
1478,119,2025-03-09 15:13:00,Withdrawal,443.88,95490.01,4,False
1479,165,2026-08-05 09:59:00,Purchase,202.82,47823.34,7,False
1480,90,2026-04-12 16:48:00,Purchase,999.43,76279.24,6,False
1481,129,2026-07-12 06:16:00,Transfer,92.33,57183.36,12,False
1482,45,2025-05-24 20:38:00,Withdrawal,1906.11,58250.84,1,False
1483,158,2026-03-18 05:21:00,Transfer,1382.6,13783.18,11,False
1484,166,2025-08-11 10:35:00,Transfer,1404.69,1252.63,7,False
1485,219,2025-12-09 19:38:00,Withdrawal,708.39,70832.02,4,False
1486,29,2025-07-08 01:56:00,Deposit,398.73,57498.67,9,False
1487,83,2025-02-11 01:00:00,Deposit,661.95,45964.73,1,False
1488,47,2026-08-23 04:17:00,Transfer,2065.04,16374.68,1,True
1489,198,2026-06-14 04:48:00,Transfer,853.16,11506.52,6,False
1490,65,2025-02-05 02:43:00,Purchase,1032.61,20577.22,9,False
1491,146,2026-01-15 03:47:00,Withdrawal,252.95,65541.6,2,False
1492,216,2025-04-27 18:21:00,Transfer,241.11,84197.14,6,False
1493,93,2026-06-19 04:57:00,Purchase,1863.19,27044.67,1,False
1494,85,2025-05-20 20:37:00,Transfer,29.85,61521.85,9,False
1495,23,2025-10-19 17:11:00,Transfer,1503.01,72673.56,5,False
1496,118,2025-12-03 20:32:00,Deposit,436.83,10480.34,9,False
1497,211,2026-06-28 07:41:00,Purchase,648.24,52221.81,8,False
1498,139,2025-06-19 20:11:00,Purchase,1339.18,88222.06,12,False
1499,226,2025-03-30 09:24:00,Withdrawal,921.36,18652.75,7,False
1500,19,2025-10-31 05:48:00,Transfer,1652.76,3194.55,5,False
1501,54,2026-01-05 20:42:00,Transfer,180.78,76030.5,12,False
1502,153,2025-05-02 08:55:00,Withdrawal,255.89,28816.06,11,False
1503,176,2026-01-24 08:50:00,Deposit,250.01,39991.89,10,False
1504,115,2025-01-13 23:58:00,Withdrawal,499.28,47735.47,6,False
1505,128,2025-01-10 07:07:00,Transfer,362.39,75688.44,2,False
1506,43,2025-05-04 02:35:00,Deposit,1240.07,70321.37,9,False
1507,161,2026-03-02 13:43:00,Deposit,47.9,26992.66,9,False
1508,258,2026-06-29 13:31:00,Purchase,1464.02,52894.9,5,False
1509,137,2025-11-10 22:55:00,Purchase,24.64,77935.55,11,False
1510,144,2025-02-21 04:46:00,Purchase,134.87,96822.2,2,False
1511,55,2026-02-16 22:37:00,Purchase,105.27,27094.02,5,True
1512,122,2025-07-11 13:07:00,Withdrawal,433.58,37163.4,2,False
1513,54,2025-02-03 14:51:00,Withdrawal,880.94,76813.67,10,False
1514,140,2025-10-19 16:01:00,Deposit,555.98,55615.18,8,False
1515,94,2026-06-03 19:49:00,Deposit,255.57,84043.15,9,False
1516,191,2025-07-23 05:37:00,Deposit,10351.98,11252.89,12,True
1517,97,2026-02-06 05:14:00,Withdrawal,107.55,46726.89,5,False
1518,162,2025-10-08 13:49:00,Purchase,369.0,7254.9,7,False
1519,53,2025-12-19 02:31:00,Withdrawal,682.61,33439.66,8,False
1520,215,2025-10-05 15:24:00,Purchase,271.2,99555.99,4,False
1521,199,2026-04-17 20:22:00,Purchase,1074.29,53590.78,8,False
1522,198,2025-02-12 13:17:00,Purchase,46.69,11358.68,6,False
1523,221,2025-03-10 15:13:00,Purchase,1178.12,5029.2,3,False
1524,9,2025-10-06 14:54:00,Deposit,422.04,4160.15,11,False
1525,196,2025-02-13 20:00:00,Purchase,45.05,1562.1,7,False
1526,16,2026-06-19 21:15:00,Deposit,159.68,47530.88,5,False
1527,39,2025-07-24 10:49:00,Transfer,230.4,81937.0,10,False
1528,266,2025-01-03 07:53:00,Deposit,901.92,80085.68,12,False
1529,199,2026-08-24 01:27:00,Withdrawal,48.27,54172.63,7,False
1530,39,2025-04-18 17:26:00,Purchase,1538.41,82677.04,1,False
1531,140,2026-02-23 07:18:00,Deposit,1894.81,53640.19,2,False
1532,54,2025-06-25 06:49:00,Purchase,583.01,76392.17,1,False
1533,169,2025-05-16 14:58:00,Purchase,1683.03,2701.21,5,False
1534,101,2025-06-29 20:44:00,Purchase,2531.06,65262.3,2,False
1535,176,2025-11-05 08:13:00,Deposit,751.62,40160.59,11,False
1536,92,2026-07-30 19:17:00,Deposit,1174.85,27860.85,9,False
1537,138,2026-09-02 22:52:00,Deposit,68.98,43327.97,3,False
1538,248,2026-03-07 12:56:00,Deposit,2560.72,21944.61,2,False
1539,97,2026-06-14 07:22:00,Transfer,1817.29,47336.68,9,False
1540,179,2026-08-27 00:07:00,Deposit,396.63,54129.45,8,False
1541,116,2025-10-23 23:10:00,Transfer,665.35,46420.69,4,False
1542,2,2025-04-28 05:40:00,Withdrawal,374.01,68227.54,3,False
1543,178,2025-06-18 18:04:00,Purchase,2668.1,12986.27,9,False
1544,220,2025-02-03 03:54:00,Purchase,3740.39,64238.52,7,False
1545,108,2025-06-02 10:50:00,Transfer,238.41,25379.89,6,False
1546,212,2025-12-24 09:13:00,Withdrawal,25774.64,54140.08,10,True
1547,18,2026-08-29 08:45:00,Deposit,635.71,52253.41,8,False
1548,260,2025-03-30 13:48:00,Withdrawal,608.72,14885.39,5,False
1549,230,2026-05-21 10:29:00,Purchase,1490.25,6949.27,9,False
1550,79,2026-06-20 22:47:00,Purchase,134.63,12130.32,8,False
1551,67,2025-02-24 09:51:00,Purchase,1227.39,62433.99,4,False
1552,157,2025-01-30 04:23:00,Withdrawal,207.03,83281.04,9,False
1553,202,2025-01-16 09:58:00,Deposit,395.35,57488.26,1,False
1554,142,2025-06-16 20:17:00,Purchase,164.29,19673.3,3,False
1555,128,2025-05-09 04:28:00,Withdrawal,3516.87,75969.09,2,False
1556,60,2026-06-18 00:34:00,Purchase,829.91,85140.22,8,False
1557,142,2025-12-01 16:25:00,Deposit,928.77,20034.09,11,False
1558,188,2026-03-15 10:58:00,Transfer,389.86,4344.31,10,False
1559,56,2025-12-08 02:46:00,Transfer,1742.87,25729.97,12,False
1560,130,2025-01-05 05:10:00,Deposit,253.37,60353.8,1,False
1561,21,2025-10-17 01:42:00,Transfer,1797.79,47307.78,9,False
1562,250,2025-08-01 19:10:00,Purchase,884.02,90176.81,2,False
1563,181,2025-03-31 03:25:00,Withdrawal,539.32,38987.24,3,False
1564,102,2025-11-08 04:37:00,Withdrawal,393.24,59463.45,6,False
1565,219,2026-05-08 07:27:00,Withdrawal,236.49,71142.5,10,False
1566,159,2026-05-13 16:14:00,Withdrawal,6306.08,28479.88,1,True
1567,179,2025-09-26 01:29:00,Purchase,76.6,54520.46,1,False
1568,77,2025-08-02 01:35:00,Purchase,361.0,37481.56,8,False
1569,192,2025-03-29 23:54:00,Deposit,431.26,88944.54,6,False
1570,81,2025-08-10 16:32:00,Purchase,11.19,98473.76,7,False
1571,226,2026-03-24 16:08:00,Transfer,152.76,18476.78,5,False
1572,149,2026-04-05 00:26:00,Purchase,561.63,34438.05,9,False
1573,1,2025-01-30 05:54:00,Withdrawal,270.25,75194.33,10,False
1574,62,2025-09-26 22:10:00,Withdrawal,199.57,94225.51,5,False
1575,61,2025-01-08 10:40:00,Deposit,771.15,79199.83,6,False
1576,18,2025-01-10 03:24:00,Deposit,90.48,52176.21,10,False
1577,205,2026-09-01 13:21:00,Deposit,493.3,73095.1,5,False
1578,36,2025-07-31 06:12:00,Transfer,5104.58,12552.23,9,False
1579,248,2025-09-04 00:19:00,Deposit,342.36,22367.74,12,False
1580,53,2026-03-22 10:22:00,Transfer,2357.07,33769.8,6,False
1581,62,2025-01-20 05:02:00,Transfer,902.01,95174.64,12,False
1582,57,2025-09-17 12:41:00,Withdrawal,278.84,29691.92,9,False
1583,33,2025-05-07 00:12:00,Transfer,177.7,68910.53,6,False
1584,72,2025-12-28 19:53:00,Deposit,1173.75,27350.86,3,True
1585,155,2025-05-30 13:47:00,Withdrawal,1117.06,21611.73,6,False
1586,183,2026-06-17 00:40:00,Deposit,113.98,21700.03,12,False
1587,252,2026-03-05 23:51:00,Deposit,1354.73,39803.51,9,False
1588,222,2025-08-28 11:17:00,Withdrawal,128.96,62509.16,6,False
1589,62,2025-09-02 13:08:00,Purchase,1757.16,92620.83,9,False
1590,13,2025-02-25 16:18:00,Deposit,1223.51,74591.59,3,False
1591,257,2025-09-30 08:03:00,Transfer,3978.6,23763.01,9,True
1592,139,2025-03-16 07:20:00,Purchase,676.13,88872.0,1,False
1593,101,2025-06-24 19:37:00,Transfer,179.0,67233.08,7,False
1594,113,2025-11-18 09:08:00,Purchase,1638.61,23043.83,12,False
1595,34,2025-03-21 17:05:00,Withdrawal,326.62,29983.98,11,False
1596,132,2025-11-05 22:29:00,Withdrawal,306.95,8027.44,5,False
1597,109,2025-12-18 17:58:00,Purchase,716.21,71588.79,2,False
1598,261,2026-05-23 10:57:00,Purchase,855.18,33047.15,10,False
1599,110,2025-12-27 22:51:00,Transfer,953.4,20870.35,2,False
1600,32,2025-12-14 22:56:00,Purchase,1323.94,32930.93,6,False
1601,171,2026-08-22 19:29:00,Deposit,2912.59,48509.17,10,False
1602,134,2026-02-26 20:49:00,Deposit,1161.68,3535.71,8,False
1603,161,2025-08-19 03:05:00,Withdrawal,105.34,26979.7,6,False
1604,163,2025-10-19 12:18:00,Withdrawal,3004.51,44759.93,6,False
1605,207,2025-08-26 16:48:00,Deposit,1972.79,84034.22,11,False
1606,91,2026-02-20 06:29:00,Transfer,399.59,45743.07,7,False
1607,146,2026-06-19 23:35:00,Withdrawal,922.02,64733.81,8,False
1608,153,2025-02-17 20:50:00,Deposit,424.08,29359.11,11,False
1609,153,2026-03-14 09:36:00,Transfer,281.05,28987.16,5,False
1610,213,2026-03-10 00:10:00,Transfer,243.95,61782.62,10,False
1611,166,2025-04-24 18:26:00,Withdrawal,641.3,1054.68,7,False
1612,223,2025-08-22 22:05:00,Withdrawal,1331.18,22352.6,6,False
1613,141,2026-01-17 03:56:00,Transfer,544.53,78618.7,1,False
1614,195,2025-11-26 13:41:00,Purchase,206.96,9261.5,9,False
1615,234,2025-08-21 17:40:00,Transfer,85.61,40296.36,3,False
1616,51,2025-10-20 11:16:00,Withdrawal,144.15,12421.53,1,False
1617,160,2025-09-18 14:09:00,Withdrawal,490.83,68184.01,4,False
1618,192,2025-06-12 02:46:00,Purchase,3835.22,87146.7,10,False
1619,191,2026-03-09 07:39:00,Purchase,1928.76,20351.88,4,False
1620,238,2025-04-09 12:26:00,Deposit,1712.81,37926.68,9,True
1621,169,2025-08-30 16:58:00,Withdrawal,267.32,2529.04,2,False
1622,98,2026-05-22 04:55:00,Purchase,546.94,55757.69,12,False
1623,249,2025-04-16 18:34:00,Deposit,442.67,19887.42,3,False
1624,73,2026-03-29 04:37:00,Purchase,1190.59,69304.05,5,False
1625,164,2025-07-22 19:23:00,Transfer,295.64,75106.57,7,False
1626,171,2025-09-27 11:50:00,Withdrawal,3900.84,47776.79,7,False
1627,118,2025-03-30 03:37:00,Purchase,1007.27,10147.62,11,False
1628,128,2026-06-08 04:19:00,Transfer,998.66,76090.31,12,False
1629,32,2026-03-02 12:19:00,Purchase,1359.76,32834.51,10,False
1630,223,2025-06-06 08:35:00,Withdrawal,1270.1,22907.05,4,False
1631,141,2025-03-09 11:19:00,Withdrawal,1766.9,77585.15,12,False
1632,235,2026-02-02 12:19:00,Withdrawal,353.32,81134.87,12,False
1633,46,2025-01-23 04:28:00,Transfer,2108.31,52090.96,12,False
1634,151,2026-05-23 00:07:00,Deposit,203.17,95504.64,4,False
1635,100,2025-08-26 18:56:00,Deposit,491.22,68764.87,3,False
1636,156,2026-06-29 09:28:00,Transfer,938.97,68864.48,11,False
1637,214,2025-04-27 05:27:00,Purchase,149.21,49005.91,7,False
1638,36,2026-04-14 15:07:00,Purchase,157.07,12986.14,6,False
1639,232,2025-09-02 01:02:00,Withdrawal,660.7,72975.43,9,False
1640,64,2026-04-05 02:03:00,Withdrawal,500.08,60588.62,1,False
1641,191,2025-04-29 09:49:00,Withdrawal,185.88,18815.81,9,False
1642,81,2025-02-20 14:41:00,Deposit,688.52,99089.76,11,False
1643,26,2025-03-26 09:27:00,Transfer,589.32,48676.12,2,False
1644,90,2026-07-12 20:52:00,Purchase,1278.04,77549.5,1,False
1645,227,2025-04-11 06:00:00,Withdrawal,1931.55,22248.1,6,False
1646,139,2025-04-07 06:22:00,Deposit,209.84,88856.18,11,False
1647,157,2026-07-08 10:21:00,Withdrawal,977.4,83681.81,12,False
1648,170,2026-02-13 10:12:00,Purchase,780.78,60524.8,2,False
1649,254,2025-05-16 14:10:00,Deposit,336.15,18336.54,7,False
1650,86,2025-05-04 17:22:00,Transfer,781.65,97495.01,8,False
1651,71,2025-03-15 12:30:00,Transfer,1060.65,12573.9,12,False
1652,215,2025-12-07 20:07:00,Purchase,59.86,99664.46,5,False
1653,137,2026-03-17 00:43:00,Withdrawal,1534.36,78385.63,5,False
1654,203,2025-04-12 13:58:00,Transfer,506.81,41039.59,7,False
1655,103,2026-02-06 10:44:00,Withdrawal,1210.51,75711.15,5,False
1656,82,2026-04-02 04:16:00,Deposit,89.47,56261.9,7,False
1657,61,2026-07-01 20:50:00,Transfer,2102.08,77263.95,2,False
1658,92,2025-04-03 05:45:00,Deposit,629.52,27569.8,12,False
1659,101,2025-12-31 10:05:00,Purchase,660.58,67637.01,11,False
1660,60,2026-02-25 04:10:00,Purchase,1355.85,86218.44,7,False
1661,123,2025-12-01 06:31:00,Deposit,151.78,87583.4,3,False
1662,46,2025-10-01 02:49:00,Transfer,261.07,54004.38,3,False
1663,176,2025-11-06 17:18:00,Purchase,89.77,39770.49,10,False
1664,30,2025-07-21 22:20:00,Deposit,1398.18,73495.83,6,False
1665,175,2026-03-12 17:26:00,Withdrawal,5085.22,25823.79,1,False
1666,246,2025-08-04 04:55:00,Transfer,1116.06,9084.86,6,False
1667,85,2025-01-27 17:22:00,Transfer,2015.25,63481.94,5,False
1668,151,2025-01-17 01:01:00,Deposit,2421.51,94077.51,9,False
1669,65,2025-11-21 18:35:00,Transfer,844.33,20416.24,2,False
1670,77,2026-08-17 09:07:00,Purchase,889.31,37079.72,5,False
1671,261,2025-07-31 21:36:00,Deposit,1308.85,34096.68,1,False
1672,27,2026-01-28 13:11:00,Withdrawal,2364.89,40171.82,2,False
1673,143,2025-08-24 09:48:00,Withdrawal,12861.1,82831.54,2,True
1674,18,2025-11-01 18:21:00,Withdrawal,2331.75,54174.41,9,False
1675,42,2026-05-24 21:34:00,Withdrawal,1250.43,54751.42,2,False
1676,96,2025-07-21 02:13:00,Purchase,2612.86,47655.92,7,False
1677,52,2025-07-03 04:15:00,Withdrawal,107.64,26927.45,4,False
1678,21,2025-11-18 19:02:00,Deposit,760.66,45997.93,9,False
1679,176,2026-06-14 13:53:00,Withdrawal,2027.39,41491.19,4,False
1680,13,2025-10-04 09:58:00,Withdrawal,1301.34,75086.08,11,False
1681,142,2026-04-04 11:25:00,Transfer,2714.07,21585.35,11,False
1682,149,2025-02-16 21:32:00,Purchase,77.7,34811.22,1,False
1683,266,2025-09-05 04:32:00,Withdrawal,2520.32,79309.7,11,False
1684,188,2026-01-22 20:38:00,Withdrawal,180.72,4825.18,10,False
1685,255,2026-05-18 08:53:00,Withdrawal,642.95,99878.59,11,False
1686,245,2025-03-03 20:14:00,Purchase,886.86,50373.79,6,False
1687,30,2026-07-05 18:38:00,Withdrawal,652.58,72771.75,6,False
1688,210,2025-07-13 18:28:00,Transfer,1279.29,48019.83,3,False
1689,91,2026-07-10 06:52:00,Transfer,56.19,45999.45,7,False
1690,82,2025-02-05 16:04:00,Transfer,2826.99,58661.22,9,False
1691,124,2026-03-14 04:38:00,Purchase,4015.43,22263.53,6,False
1692,245,2025-11-20 15:50:00,Withdrawal,785.77,50525.4,7,False
1693,231,2025-02-21 01:38:00,Transfer,1376.84,82885.06,9,False
1694,167,2025-07-10 17:52:00,Purchase,1198.75,30958.38,9,False
1695,196,2025-03-30 21:56:00,Deposit,651.73,1521.05,8,False
1696,112,2025-02-13 09:04:00,Purchase,636.85,74000.62,8,False
1697,89,2025-11-02 11:55:00,Withdrawal,261.34,2066.01,6,False
1698,115,2025-05-27 06:57:00,Withdrawal,333.61,47251.92,9,False
1699,68,2025-08-05 12:11:00,Purchase,4037.9,100141.7,5,True
1700,63,2025-12-22 18:49:00,Purchase,178.32,11127.66,9,False
1701,125,2026-07-25 12:50:00,Purchase,585.19,3329.37,1,False
1702,196,2026-04-09 03:09:00,Purchase,192.3,1458.79,12,False
1703,38,2026-05-30 14:44:00,Deposit,517.18,42083.26,7,False
1704,175,2025-07-10 06:11:00,Deposit,1200.34,26101.17,9,False
1705,156,2025-04-24 12:15:00,Deposit,1019.04,69857.05,7,False
1706,154,2026-04-03 01:00:00,Purchase,1771.33,27642.46,11,False
1707,62,2026-06-29 11:08:00,Deposit,432.02,94025.39,1,False
1708,189,2025-04-15 00:33:00,Transfer,893.07,8047.73,11,False
1709,130,2026-08-07 21:40:00,Deposit,1198.04,60355.58,9,False
1710,129,2026-03-16 07:24:00,Withdrawal,2516.33,55240.98,8,False
1711,68,2026-07-04 23:42:00,Transfer,277.9,96547.66,9,False
1712,177,2025-01-08 01:18:00,Purchase,626.07,81145.65,6,False
1713,69,2025-12-06 05:56:00,Purchase,992.4,52598.09,10,False
1714,90,2025-04-12 15:38:00,Deposit,894.62,76427.58,7,False
1715,172,2026-08-17 23:19:00,Deposit,1377.53,68437.49,6,False
1716,255,2026-03-08 20:33:00,Deposit,301.28,99740.13,10,False
1717,229,2026-01-30 19:58:00,Deposit,77.75,45403.58,2,False
1718,17,2026-08-04 22:33:00,Withdrawal,183.95,51007.42,9,False
1719,152,2025-10-13 16:39:00,Purchase,675.11,4704.46,4,False
1720,123,2026-06-12 19:13:00,Purchase,1180.76,86919.98,8,False
1721,144,2026-04-23 01:20:00,Deposit,3502.08,94031.5,1,False
1722,109,2025-12-02 09:26:00,Purchase,2214.72,71597.41,5,False
1723,214,2025-02-04 11:38:00,Withdrawal,772.75,49575.81,4,False
1724,73,2025-09-23 03:05:00,Transfer,3309.96,68735.26,7,False
1725,198,2025-03-31 12:41:00,Purchase,1575.36,11992.06,6,False
1726,237,2026-02-21 12:52:00,Deposit,66.78,77429.57,9,False
1727,138,2025-03-26 03:38:00,Purchase,1843.18,42681.34,6,False
1728,113,2025-03-01 14:18:00,Deposit,489.51,22563.97,3,False
1729,59,2025-04-15 22:01:00,Transfer,312.39,6266.0,4,False
1730,91,2026-06-05 07:22:00,Transfer,540.55,46342.22,10,False
1731,184,2025-05-01 23:09:00,Deposit,42.63,87180.28,6,False
1732,171,2025-06-15 17:16:00,Deposit,78.39,49446.91,3,False
1733,229,2026-03-29 07:06:00,Deposit,85.07,45457.82,9,False
1734,79,2025-12-11 07:47:00,Deposit,187.03,11869.7,6,False
1735,211,2026-08-30 08:34:00,Withdrawal,1327.67,51747.39,5,False
1736,94,2025-06-13 00:50:00,Transfer,416.3,84343.25,3,False
1737,44,2026-02-06 11:40:00,Deposit,1018.2,8208.97,10,False
1738,178,2026-06-10 01:53:00,Purchase,792.94,14657.03,3,False
1739,35,2025-12-24 05:17:00,Transfer,1710.11,63230.76,5,False
1740,268,2025-06-22 05:35:00,Transfer,133.04,42439.32,8,False
1741,190,2026-07-09 14:43:00,Deposit,167.69,13731.74,9,False
1742,170,2025-02-03 09:34:00,Purchase,879.83,61173.43,9,False
1743,97,2026-06-17 02:54:00,Transfer,429.81,46821.63,8,False
1744,145,2025-01-24 00:20:00,Purchase,846.35,75683.94,5,False
1745,39,2025-09-27 02:23:00,Deposit,344.64,81947.26,9,False
1746,68,2025-11-24 00:14:00,Purchase,303.88,96212.56,3,False
1747,142,2025-11-22 09:37:00,Withdrawal,1718.99,20121.29,9,False
1748,66,2025-06-17 07:02:00,Withdrawal,1996.66,69710.96,9,False
1749,175,2026-04-16 11:18:00,Purchase,123.22,25892.74,9,False
1750,99,2025-09-01 19:21:00,Deposit,1539.28,78919.48,6,False
1751,253,2025-04-07 07:29:00,Deposit,304.51,37089.37,2,False
1752,164,2026-03-03 03:46:00,Purchase,1957.73,74469.76,7,False
1753,169,2025-07-05 05:01:00,Transfer,633.93,2736.83,4,False
1754,95,2026-07-25 14:54:00,Transfer,1910.11,66234.23,2,False
1755,160,2026-06-14 14:34:00,Withdrawal,333.96,68396.63,2,False
1756,83,2025-08-17 12:03:00,Deposit,7021.32,48056.93,1,True
1757,264,2026-01-25 23:48:00,Transfer,241.56,69375.57,11,False
1758,6,2026-04-11 06:35:00,Withdrawal,1139.25,76966.01,9,False
1759,181,2025-07-09 13:03:00,Transfer,1704.17,37524.36,6,False
1760,206,2026-02-16 07:56:00,Transfer,4261.86,18925.56,11,False
1761,140,2025-05-11 11:11:00,Purchase,683.22,56097.48,7,False
1762,143,2025-10-26 11:18:00,Deposit,1187.8,71508.62,10,False
1763,169,2025-09-08 09:09:00,Purchase,408.49,2799.46,2,False
1764,189,2026-01-19 16:15:00,Deposit,1391.07,8014.79,9,False
1765,65,2025-05-07 07:09:00,Deposit,1645.93,19789.09,9,False
1766,211,2025-07-21 09:58:00,Transfer,3125.7,53127.79,7,False
1767,48,2025-05-03 06:37:00,Withdrawal,439.06,94338.25,7,False
1768,135,2026-05-29 00:42:00,Withdrawal,3086.46,78624.81,10,False
1769,71,2025-11-26 03:00:00,Purchase,256.21,13455.61,5,False
1770,26,2026-04-30 22:49:00,Deposit,355.38,48255.82,3,False
1771,113,2025-06-26 13:54:00,Purchase,517.74,22522.76,5,False
1772,134,2025-11-03 02:35:00,Transfer,3529.44,5910.55,1,False
1773,60,2025-07-01 03:56:00,Purchase,2122.17,84198.42,2,False
1774,53,2025-12-29 12:16:00,Transfer,1082.75,31845.77,4,False
1775,241,2025-10-21 20:07:00,Transfer,1675.74,83773.63,7,False
1776,68,2026-07-07 08:03:00,Withdrawal,1795.86,97455.02,1,False
1777,47,2025-04-07 10:34:00,Withdrawal,179.35,16744.9,5,False
1778,133,2025-11-13 18:55:00,Purchase,218.68,29128.2,9,False
1779,210,2026-01-25 02:47:00,Withdrawal,189.15,46753.05,6,False
1780,101,2025-10-27 00:53:00,Purchase,20.92,67252.49,3,False
1781,214,2025-03-06 12:02:00,Purchase,1886.85,48359.53,12,False
1782,258,2026-02-07 11:21:00,Purchase,126.69,53774.46,2,False
1783,64,2026-07-20 18:52:00,Deposit,923.84,60089.79,9,False
1784,5,2025-05-21 00:35:00,Purchase,762.02,43220.74,4,False
1785,138,2026-02-20 06:02:00,Purchase,805.28,43960.84,12,False
1786,59,2025-04-16 22:35:00,Purchase,1871.97,8147.88,8,False
1787,227,2026-05-07 22:03:00,Withdrawal,102.0,22111.65,10,False
1788,244,2026-08-16 13:00:00,Withdrawal,999.14,10244.53,9,False
1789,113,2025-01-20 20:26:00,Purchase,619.4,22953.53,3,False
1790,7,2025-10-13 14:26:00,Deposit,1695.82,90329.26,1,False
1791,248,2025-09-10 18:35:00,Transfer,883.2,23414.89,9,False
1792,7,2026-01-12 20:17:00,Transfer,2873.06,87825.88,8,False
1793,144,2026-08-21 09:37:00,Purchase,2049.2,95529.08,2,False
1794,209,2026-06-23 17:09:00,Transfer,58.28,22066.08,11,False
1795,258,2025-09-01 00:09:00,Transfer,2437.68,55815.25,7,False
1796,108,2025-08-13 04:37:00,Transfer,997.42,26055.97,3,False
1797,2,2026-07-10 16:47:00,Deposit,742.01,68022.9,1,False
1798,190,2025-10-23 06:13:00,Deposit,250.13,13686.1,2,False
1799,105,2026-08-21 01:52:00,Deposit,1445.06,5834.34,11,False
1800,177,2025-03-15 17:36:00,Transfer,1883.7,82154.4,11,False
1801,195,2025-12-09 14:47:00,Transfer,1551.72,8594.59,1,False
1802,14,2025-06-06 17:31:00,Purchase,142.84,25219.25,2,False
1803,18,2025-07-28 22:26:00,Transfer,409.19,51958.9,4,False
1804,161,2026-04-02 03:56:00,Transfer,722.58,26704.1,6,False
1805,185,2026-01-03 03:22:00,Deposit,18.33,43885.56,8,False
1806,252,2026-04-01 04:02:00,Deposit,2304.6,41187.14,10,False
1807,218,2025-09-04 00:42:00,Withdrawal,24.12,89681.5,3,False
1808,226,2026-08-02 04:09:00,Withdrawal,1315.04,19331.64,10,False
1809,214,2025-11-15 20:42:00,Purchase,812.77,49571.43,5,False
1810,102,2026-07-18 19:34:00,Withdrawal,374.58,59710.85,9,False
1811,81,2026-01-06 16:44:00,Transfer,1770.06,97012.35,11,False
1812,75,2026-06-11 18:49:00,Purchase,114.31,33115.93,11,False
1813,136,2025-02-08 22:57:00,Purchase,46.64,60890.9,12,False
1814,220,2025-02-22 16:52:00,Deposit,400.83,61920.83,8,False
1815,195,2026-05-24 14:30:00,Purchase,1888.03,8589.09,4,False
1816,268,2026-01-13 02:59:00,Deposit,823.22,42357.68,6,False
1817,197,2026-08-31 18:29:00,Withdrawal,626.33,38805.65,7,False
1818,51,2026-02-04 21:05:00,Transfer,775.42,12691.76,11,False
1819,53,2025-01-26 15:56:00,Withdrawal,907.44,32689.86,11,False
1820,203,2025-07-08 08:38:00,Withdrawal,76.71,41004.76,2,False
1821,197,2025-12-22 23:49:00,Purchase,2274.05,37938.02,9,False
1822,66,2026-05-02 17:59:00,Deposit,658.3,67859.81,9,False
1823,85,2026-03-17 19:36:00,Purchase,163.27,61678.09,4,False
1824,230,2026-06-05 17:23:00,Withdrawal,13848.38,0,8,True
1825,30,2025-02-25 17:47:00,Transfer,1259.87,71679.22,7,False
1826,26,2026-01-16 00:14:00,Transfer,1742.73,47997.98,3,False
1827,251,2025-12-07 15:29:00,Purchase,341.72,78363.4,10,False
1828,99,2025-06-03 10:58:00,Withdrawal,617.54,78316.36,3,False
1829,24,2025-12-21 13:31:00,Deposit,315.73,53609.46,2,False
1830,190,2025-06-20 01:11:00,Deposit,43.2,13759.34,2,False
1831,167,2025-07-20 05:50:00,Withdrawal,1950.67,31451.06,12,False
1832,44,2026-05-15 18:54:00,Deposit,1139.15,9797.16,6,False
1833,98,2026-06-22 00:51:00,Purchase,1345.52,56040.03,10,False
1834,195,2026-05-22 16:50:00,Withdrawal,1009.89,8289.68,8,False
1835,131,2026-08-02 00:55:00,Purchase,2345.5,0,10,False
1836,246,2026-08-07 00:15:00,Withdrawal,984.9,9071.95,9,False
1837,242,2026-06-21 11:38:00,Withdrawal,1647.05,47021.38,7,False
1838,21,2026-05-08 06:04:00,Transfer,1920.94,44279.03,3,False
1839,115,2025-05-13 07:37:00,Deposit,950.72,48321.32,8,False
1840,26,2026-02-26 11:14:00,Purchase,492.72,48915.55,6,False
1841,191,2025-07-21 22:22:00,Transfer,57.1,18848.35,11,False
1842,140,2025-07-17 06:09:00,Transfer,2073.99,54880.5,12,False
1843,227,2026-07-08 17:08:00,Purchase,191.43,22068.66,4,False
1844,90,2025-01-23 11:38:00,Withdrawal,742.63,76395.31,9,False
1845,131,2025-12-29 02:09:00,Transfer,1628.34,7.94,6,False
1846,217,2025-05-28 11:49:00,Transfer,323.41,54839.46,11,False
1847,268,2026-06-28 00:25:00,Transfer,473.25,42363.4,1,False
1848,118,2026-08-18 14:50:00,Purchase,1126.66,10210.56,9,False
1849,140,2025-04-28 05:14:00,Deposit,73.77,55517.95,11,False
1850,217,2026-04-18 22:03:00,Transfer,832.73,55306.38,2,False
1851,267,2025-12-10 15:07:00,Transfer,3352.42,56839.32,1,False
1852,41,2026-03-17 15:47:00,Transfer,5352.67,92433.85,7,False
1853,21,2025-01-08 21:56:00,Withdrawal,126.48,46049.53,9,False
1854,243,2025-11-14 08:09:00,Purchase,1488.52,46956.45,6,False
1855,174,2025-03-24 11:47:00,Transfer,2572.67,99272.57,1,False
1856,191,2025-04-18 13:27:00,Deposit,154.77,18734.59,1,False
1857,52,2026-03-12 20:46:00,Transfer,1391.7,25958.17,9,False
1858,74,2025-05-02 18:42:00,Purchase,2069.69,14791.38,1,False
1859,29,2025-02-17 15:24:00,Withdrawal,681.46,57201.13,6,False
1860,181,2025-11-17 00:16:00,Deposit,1747.02,37664.96,11,False
1861,241,2026-03-31 04:24:00,Transfer,506.72,82044.22,10,False
1862,238,2025-10-22 13:30:00,Transfer,100.35,36165.18,6,False
1863,261,2026-07-15 04:28:00,Deposit,446.49,32588.78,12,False
1864,2,2026-06-16 19:35:00,Withdrawal,423.77,67783.31,12,False
1865,84,2026-03-13 04:14:00,Transfer,251.34,82404.84,9,False
1866,30,2025-01-14 19:42:00,Purchase,1707.51,72158.3,4,False
1867,224,2026-06-26 14:19:00,Transfer,635.72,30125.33,11,False
1868,104,2026-01-23 13:27:00,Transfer,1379.56,61942.69,6,False
1869,122,2025-02-17 10:03:00,Deposit,867.19,37405.53,4,False
1870,36,2026-05-19 13:53:00,Deposit,2820.08,13345.91,11,False
1871,12,2026-07-27 07:05:00,Deposit,366.23,68822.89,9,False
1872,121,2026-04-05 03:32:00,Transfer,959.49,10415.42,1,False
1873,9,2025-02-03 18:15:00,Purchase,23.8,3774.4,6,False
1874,174,2026-03-26 17:44:00,Deposit,167.76,96706.39,11,False
1875,42,2025-12-09 13:12:00,Purchase,1311.57,55247.71,7,False
1876,257,2026-05-27 12:44:00,Transfer,991.48,20137.31,3,True
1877,254,2026-03-28 06:22:00,Transfer,325.78,18432.35,2,False
1878,255,2025-11-19 20:43:00,Deposit,176.02,99630.82,11,False
1879,17,2026-03-29 01:20:00,Deposit,140.46,50928.59,3,False
1880,166,2026-08-16 05:05:00,Withdrawal,3010.96,0,12,False
1881,13,2025-02-18 12:04:00,Withdrawal,118.9,74859.83,4,False
1882,178,2025-03-10 16:46:00,Transfer,633.93,13715.43,9,False
1883,267,2025-02-28 21:51:00,Withdrawal,218.97,54076.25,1,False
1884,75,2026-08-26 22:52:00,Transfer,716.19,32729.55,4,False
1885,77,2025-12-25 10:59:00,Deposit,1599.73,37552.06,7,False
1886,199,2026-05-19 23:43:00,Withdrawal,139.53,54295.39,9,False
1887,193,2025-11-12 22:20:00,Deposit,3565.35,90219.49,7,False
1888,171,2026-04-01 22:27:00,Withdrawal,249.96,49320.91,6,False
1889,38,2025-12-06 23:51:00,Withdrawal,868.21,42403.57,4,False
1890,248,2026-01-28 23:07:00,Purchase,193.05,22821.64,11,False
1891,143,2026-05-29 16:32:00,Withdrawal,644.97,72643.52,4,False
1892,240,2026-04-25 15:57:00,Transfer,1465.22,41104.39,3,False
1893,113,2025-03-31 16:33:00,Deposit,2254.86,22790.19,1,True
1894,219,2026-01-19 12:59:00,Transfer,519.94,70976.9,9,False
1895,62,2025-12-10 03:35:00,Transfer,252.18,94552.12,6,False
1896,246,2026-01-03 13:43:00,Deposit,1025.66,8889.15,1,False
1897,12,2025-12-06 10:45:00,Transfer,166.6,69235.57,8,False
1898,237,2026-02-22 01:04:00,Purchase,157.48,77348.61,8,False
1899,96,2025-01-19 04:53:00,Transfer,513.14,47546.56,10,False
1900,133,2025-01-25 10:03:00,Withdrawal,2578.4,26841.18,8,False
1901,219,2026-08-06 14:53:00,Purchase,72.92,71413.45,10,True
1902,30,2025-09-05 04:59:00,Deposit,6398.1,75134.38,3,True
1903,194,2025-07-22 18:00:00,Deposit,342.74,63663.74,6,False
1904,258,2026-06-14 13:16:00,Withdrawal,117.11,53844.28,8,False
1905,54,2025-11-25 08:13:00,Transfer,18601.0,58526.54,5,True
1906,81,2025-07-16 07:12:00,Deposit,1249.53,98750.84,11,False
1907,253,2025-07-06 04:42:00,Purchase,736.46,36834.93,10,False
1908,55,2025-03-24 03:59:00,Deposit,209.18,27228.96,8,False
1909,234,2025-08-08 16:31:00,Withdrawal,309.72,40163.4,12,False
1910,144,2025-02-16 22:32:00,Deposit,1168.81,97569.59,7,False
1911,217,2026-06-18 15:34:00,Purchase,75.27,54532.67,8,False
1912,237,2026-06-03 14:52:00,Transfer,4151.18,79209.89,12,False
1913,191,2025-10-20 07:59:00,Withdrawal,1276.05,18594.38,6,False
1914,63,2025-03-27 05:49:00,Withdrawal,726.99,11850.73,5,False
1915,133,2025-12-15 04:51:00,Withdrawal,284.07,29091.43,10,False
1916,52,2025-05-30 11:36:00,Deposit,3121.9,29388.77,8,False
1917,171,2026-05-05 03:36:00,Deposit,3139.7,49370.83,2,False
1918,266,2026-03-23 03:12:00,Deposit,1068.57,78990.95,11,False
1919,255,2026-08-01 02:12:00,Purchase,366.04,99964.51,12,False
1920,119,2025-04-09 12:30:00,Deposit,153.25,94993.69,7,False
1921,110,2026-03-08 10:05:00,Withdrawal,1390.58,20231.46,3,False
1922,173,2025-05-20 21:39:00,Withdrawal,1048.69,92247.86,10,False
1923,257,2026-04-06 05:35:00,Purchase,2344.51,21841.4,12,False
1924,91,2025-01-18 23:30:00,Transfer,299.27,45743.46,2,False
1925,102,2026-08-30 17:12:00,Withdrawal,29.09,59655.04,1,False
1926,90,2026-06-06 17:47:00,Deposit,129.93,76745.7,8,False
1927,186,2026-08-21 16:04:00,Deposit,1031.49,73027.18,4,False
1928,109,2025-07-15 00:53:00,Purchase,104.03,71406.21,10,False
1929,141,2026-06-06 22:30:00,Transfer,218.05,78736.06,9,False
1930,25,2025-03-31 08:53:00,Transfer,293.12,46748.97,11,False
1931,34,2025-02-01 18:15:00,Deposit,137.55,30040.35,6,False
1932,98,2025-04-19 17:14:00,Purchase,2495.36,57161.0,12,False
1933,235,2025-05-08 12:11:00,Deposit,764.47,81665.03,4,False
1934,77,2026-02-27 04:03:00,Purchase,1785.21,36920.62,5,False
1935,207,2025-07-26 03:39:00,Deposit,523.5,83295.02,3,False
1936,181,2025-06-15 10:42:00,Withdrawal,11176.99,34329.98,3,True
1937,138,2025-07-18 09:16:00,Purchase,181.89,43417.06,4,False
1938,17,2025-06-01 09:10:00,Purchase,782.32,50486.98,9,False
1939,155,2026-05-31 05:01:00,Deposit,3795.68,23102.69,10,True
1940,175,2025-12-19 11:53:00,Transfer,589.61,25796.13,5,False
1941,49,2025-07-11 02:35:00,Deposit,516.32,51402.21,4,False
1942,225,2025-04-23 03:03:00,Deposit,682.56,74378.34,8,False
1943,32,2025-07-24 04:17:00,Transfer,1975.33,31129.45,6,False
1944,217,2026-07-22 13:28:00,Withdrawal,516.96,54307.7,5,False
1945,186,2026-02-07 10:56:00,Purchase,429.47,72564.21,2,False
1946,143,2025-07-01 21:12:00,Deposit,350.56,71940.94,2,False
1947,131,2025-04-28 04:41:00,Purchase,307.27,966.12,12,False
1948,250,2026-04-15 08:02:00,Transfer,768.18,90099.48,4,False
1949,30,2025-02-03 11:37:00,Transfer,20462.4,55224.65,5,True
1950,63,2026-07-20 11:21:00,Purchase,973.45,11195.54,12,False
1951,167,2025-03-27 07:17:00,Deposit,199.73,31314.9,6,False
1952,36,2026-04-09 04:11:00,Purchase,690.88,12865.93,8,False
1953,2,2026-07-01 19:05:00,Withdrawal,1201.33,68798.12,9,False
1954,70,2026-06-10 14:58:00,Purchase,358.97,13929.22,10,False
1955,208,2025-03-19 12:30:00,Withdrawal,1015.8,53331.96,12,False
1956,222,2026-03-28 06:46:00,Transfer,2899.21,62547.2,7,False
1957,62,2025-01-28 12:39:00,Deposit,647.25,94143.67,8,False
1958,113,2025-12-29 14:21:00,Purchase,732.23,23114.52,10,False
1959,248,2026-01-18 04:49:00,Purchase,835.76,22960.99,3,False
1960,165,2025-09-29 08:49:00,Transfer,1122.04,46999.78,9,False
1961,4,2026-08-31 03:04:00,Withdrawal,98.92,14580.18,9,False
1962,113,2025-02-13 10:07:00,Purchase,1153.61,22823.45,5,False
1963,41,2026-05-31 13:07:00,Deposit,1228.33,92510.52,10,False
1964,188,2026-08-15 00:52:00,Transfer,449.55,4247.67,10,False
1965,227,2025-08-18 17:01:00,Purchase,896.97,21170.53,2,False
1966,142,2025-09-25 19:35:00,Withdrawal,61.86,19525.38,9,False
1967,162,2025-04-16 12:49:00,Withdrawal,442.97,7033.28,4,False
1968,183,2026-07-18 06:29:00,Transfer,74.0,21694.21,10,False
1969,259,2025-10-25 18:25:00,Transfer,370.94,17610.97,1,False
1970,36,2026-08-05 21:53:00,Deposit,234.07,12837.31,3,False
1971,57,2025-01-29 00:32:00,Transfer,1571.05,29312.4,12,False
1972,228,2025-01-04 05:43:00,Deposit,161.59,64903.39,8,False
1973,229,2025-01-29 10:24:00,Purchase,645.94,45724.47,5,False
1974,179,2026-08-06 10:18:00,Purchase,353.66,54702.51,6,False
1975,38,2025-07-01 17:32:00,Transfer,51.02,42075.94,3,False
1976,15,2026-02-13 05:14:00,Withdrawal,44.89,69140.79,5,False
1977,220,2025-03-12 02:02:00,Withdrawal,784.07,61521.43,2,False
1978,168,2026-02-26 09:43:00,Purchase,524.21,91862.86,3,False
1979,4,2026-05-21 10:09:00,Deposit,53.74,14503.85,4,False
1980,239,2025-10-26 08:47:00,Purchase,95.63,7377.1,8,False
1981,63,2025-05-16 08:34:00,Purchase,2103.4,9819.76,9,False
1982,179,2026-07-10 05:55:00,Deposit,52.01,54517.49,6,False
1983,17,2025-11-07 17:50:00,Transfer,681.78,51098.86,7,False
1984,140,2025-03-01 12:52:00,Purchase,1015.69,56251.78,11,False
1985,83,2025-07-17 01:07:00,Purchase,1008.63,45515.35,12,False
1986,124,2026-06-05 03:49:00,Withdrawal,1805.47,19419.15,4,False
1987,14,2025-04-23 05:37:00,Withdrawal,1108.9,24693.39,10,False
1988,219,2025-03-07 20:05:00,Withdrawal,4447.14,72941.73,3,False
1989,218,2026-08-18 15:57:00,Withdrawal,1264.87,89938.64,1,False
1990,15,2026-06-26 08:39:00,Purchase,1220.26,69161.86,8,False
1991,41,2025-06-22 22:55:00,Withdrawal,829.41,93490.19,9,False
1992,262,2026-01-06 16:36:00,Deposit,209.87,60433.0,9,False
1993,46,2025-07-20 06:48:00,Purchase,1118.65,55200.49,5,False
1994,248,2026-02-04 18:00:00,Withdrawal,1396.83,21656.23,8,False
1995,243,2025-12-03 20:59:00,Transfer,155.87,47627.03,4,False
1996,156,2025-01-12 06:50:00,Transfer,1003.74,70234.89,2,False
1997,108,2025-09-08 20:41:00,Deposit,190.86,25619.14,3,False
1998,46,2026-08-16 20:28:00,Transfer,258.48,54318.43,2,False
1999,162,2026-02-26 07:44:00,Withdrawal,1054.29,6893.21,8,False
2000,205,2025-09-22 15:12:00,Purchase,448.49,73825.18,1,False
